tweet_id	event
212617469645438976	2012_colorado_wildfires
213598387310825472	2012_colorado_wildfires
213967951626383360	2012_colorado_wildfires
214426300994162688	2012_colorado_wildfires
217091282051403777	2012_colorado_wildfires
217782306209939456	2012_colorado_wildfires
217806167630557186	2012_colorado_wildfires
217814388474785793	2012_colorado_wildfires
217831627030675456	2012_colorado_wildfires
217840061788598273	2012_colorado_wildfires
217845841531121664	2012_colorado_wildfires
217848760800260097	2012_colorado_wildfires
217854028837695488	2012_colorado_wildfires
217963512750800897	2012_colorado_wildfires
217979509817872384	2012_colorado_wildfires
218017749287436289	2012_colorado_wildfires
218021255742357504	2012_colorado_wildfires
218032068653891585	2012_colorado_wildfires
218051106582953985	2012_colorado_wildfires
218054604632502272	2012_colorado_wildfires
218061722366386177	2012_colorado_wildfires
218062015976062979	2012_colorado_wildfires
218070933070553088	2012_colorado_wildfires
218075328696946688	2012_colorado_wildfires
218078994514452480	2012_colorado_wildfires
218091627758104577	2012_colorado_wildfires
218098007302877184	2012_colorado_wildfires
218105028559384578	2012_colorado_wildfires
218120581034414080	2012_colorado_wildfires
218144413069742082	2012_colorado_wildfires
218162024964833280	2012_colorado_wildfires
218165623673462784	2012_colorado_wildfires
218175685821345794	2012_colorado_wildfires
218260251366014976	2012_colorado_wildfires
218274184852283392	2012_colorado_wildfires
218356154126966785	2012_colorado_wildfires
218465902277038081	2012_colorado_wildfires
218574463472648192	2012_colorado_wildfires
218712531554930688	2012_colorado_wildfires
218851237200789506	2012_colorado_wildfires
219444215296434178	2012_colorado_wildfires
220294094537244673	2012_colorado_wildfires
243360510010068994	2012_costa_rica_earthquake
243360585494974464	2012_costa_rica_earthquake
243361298518249473	2012_costa_rica_earthquake
243361759912681472	2012_costa_rica_earthquake
243361915110297600	2012_costa_rica_earthquake
243361965420998657	2012_costa_rica_earthquake
243361990591000576	2012_costa_rica_earthquake
243362108035719168	2012_costa_rica_earthquake
243362183533187073	2012_costa_rica_earthquake
243362233877409792	2012_costa_rica_earthquake
243362280002170880	2012_costa_rica_earthquake
243362288403369984	2012_costa_rica_earthquake
243362300973686784	2012_costa_rica_earthquake
243362468758450177	2012_costa_rica_earthquake
243362472923377667	2012_costa_rica_earthquake
243362577801936897	2012_costa_rica_earthquake
243362640708108289	2012_costa_rica_earthquake
243362783322861568	2012_costa_rica_earthquake
243362812657811456	2012_costa_rica_earthquake
243363185976025089	2012_costa_rica_earthquake
243363215340363776	2012_costa_rica_earthquake
243363299201253376	2012_costa_rica_earthquake
243363399868747777	2012_costa_rica_earthquake
243363487944937472	2012_costa_rica_earthquake
243363513135943680	2012_costa_rica_earthquake
243363689271554049	2012_costa_rica_earthquake
243363693491019776	2012_costa_rica_earthquake
243363857047887873	2012_costa_rica_earthquake
243363903202017282	2012_costa_rica_earthquake
243364154843475968	2012_costa_rica_earthquake
243364163261444098	2012_costa_rica_earthquake
243364364562886656	2012_costa_rica_earthquake
243364427485822977	2012_costa_rica_earthquake
243364507160809473	2012_costa_rica_earthquake
243364616221122560	2012_costa_rica_earthquake
243364628791451648	2012_costa_rica_earthquake
243364708491616257	2012_costa_rica_earthquake
243364901446356992	2012_costa_rica_earthquake
243365098553491456	2012_costa_rica_earthquake
243365115368468482	2012_costa_rica_earthquake
243365140496539651	2012_costa_rica_earthquake
243365429916082177	2012_costa_rica_earthquake
243365593498132481	2012_costa_rica_earthquake
243365794812153856	2012_costa_rica_earthquake
243365903876636672	2012_costa_rica_earthquake
243365916463726592	2012_costa_rica_earthquake
243365983568396289	2012_costa_rica_earthquake
243366059057504257	2012_costa_rica_earthquake
243366218436866049	2012_costa_rica_earthquake
243366260405043201	2012_costa_rica_earthquake
243366302318751745	2012_costa_rica_earthquake
243366574977851392	2012_costa_rica_earthquake
243366579167965184	2012_costa_rica_earthquake
243366721786900483	2012_costa_rica_earthquake
243366746944311296	2012_costa_rica_earthquake
243366767903264768	2012_costa_rica_earthquake
243366843409125377	2012_costa_rica_earthquake
243367011189665792	2012_costa_rica_earthquake
243367027958489089	2012_costa_rica_earthquake
243367048904859648	2012_costa_rica_earthquake
243367078290128896	2012_costa_rica_earthquake
243367116034670592	2012_costa_rica_earthquake
243367229297676289	2012_costa_rica_earthquake
243367761953304576	2012_costa_rica_earthquake
243368005214552064	2012_costa_rica_earthquake
243368068137488385	2012_costa_rica_earthquake
243368252678492161	2012_costa_rica_earthquake
243368340788224000	2012_costa_rica_earthquake
243368521122332672	2012_costa_rica_earthquake
243368676298993666	2012_costa_rica_earthquake
243368814723612672	2012_costa_rica_earthquake
243368961511677953	2012_costa_rica_earthquake
243369045406130176	2012_costa_rica_earthquake
243369309638885378	2012_costa_rica_earthquake
243369326424514560	2012_costa_rica_earthquake
243369515159801857	2012_costa_rica_earthquake
243369695535841281	2012_costa_rica_earthquake
243369863312195585	2012_costa_rica_earthquake
243369888469635072	2012_costa_rica_earthquake
243370001694871553	2012_costa_rica_earthquake
243370286928506881	2012_costa_rica_earthquake
243370341437681665	2012_costa_rica_earthquake
243370546966978561	2012_costa_rica_earthquake
243370546975367169	2012_costa_rica_earthquake
243371046093324288	2012_costa_rica_earthquake
243371398410694657	2012_costa_rica_earthquake
243371624919879681	2012_costa_rica_earthquake
243372182737154048	2012_costa_rica_earthquake
243372644110581761	2012_costa_rica_earthquake
243372837048557568	2012_costa_rica_earthquake
243373340386025473	2012_costa_rica_earthquake
243373579448754177	2012_costa_rica_earthquake
243374107939459072	2012_costa_rica_earthquake
243374430917632000	2012_costa_rica_earthquake
243374896451813376	2012_costa_rica_earthquake
243375475278348289	2012_costa_rica_earthquake
243376502891225089	2012_costa_rica_earthquake
243377211732803584	2012_costa_rica_earthquake
243377815716786176	2012_costa_rica_earthquake
243378054792093696	2012_costa_rica_earthquake
243378058952863744	2012_costa_rica_earthquake
243378423878279168	2012_costa_rica_earthquake
243378751025590273	2012_costa_rica_earthquake
243378868466098176	2012_costa_rica_earthquake
243379346633547776	2012_costa_rica_earthquake
243379795419877376	2012_costa_rica_earthquake
243380168712941568	2012_costa_rica_earthquake
243381099844210688	2012_costa_rica_earthquake
243383540916572161	2012_costa_rica_earthquake
243383947785039872	2012_costa_rica_earthquake
243384413344387072	2012_costa_rica_earthquake
243384916677652480	2012_costa_rica_earthquake
243385721950461952	2012_costa_rica_earthquake
243386435007299586	2012_costa_rica_earthquake
243387890401435648	2012_costa_rica_earthquake
243387970126741504	2012_costa_rica_earthquake
243389006111457281	2012_costa_rica_earthquake
243389211623976960	2012_costa_rica_earthquake
243389425537654785	2012_costa_rica_earthquake
243389895308095488	2012_costa_rica_earthquake
243390918714085376	2012_costa_rica_earthquake
243391342347169793	2012_costa_rica_earthquake
243392839684325376	2012_costa_rica_earthquake
243394697765199872	2012_costa_rica_earthquake
243395964440834048	2012_costa_rica_earthquake
243396081877143552	2012_costa_rica_earthquake
243396392268201984	2012_costa_rica_earthquake
243397180809949184	2012_costa_rica_earthquake
243397809968140288	2012_costa_rica_earthquake
243401354121474048	2012_costa_rica_earthquake
243410728390897665	2012_costa_rica_earthquake
243411269468712961	2012_costa_rica_earthquake
243451627053404160	2012_costa_rica_earthquake
243468328792903680	2012_costa_rica_earthquake
243469150863884288	2012_costa_rica_earthquake
243526839325306881	2012_costa_rica_earthquake
243544698675945472	2012_costa_rica_earthquake
243607432864071680	2012_costa_rica_earthquake
243615632724213760	2012_costa_rica_earthquake
243638646878650370	2012_costa_rica_earthquake
243650009252368384	2012_costa_rica_earthquake
243679218381254659	2012_costa_rica_earthquake
243704086418038784	2012_costa_rica_earthquake
243708234576322560	2012_costa_rica_earthquake
243714664465317888	2012_costa_rica_earthquake
243791134990663680	2012_costa_rica_earthquake
243905341698478080	2012_costa_rica_earthquake
243917303861891072	2012_costa_rica_earthquake
244024363458895872	2012_costa_rica_earthquake
244094269923676160	2012_costa_rica_earthquake
244567513269161984	2012_costa_rica_earthquake
246717802872975360	2012_costa_rica_earthquake
246773595521556482	2012_costa_rica_earthquake
247215243137257472	2012_costa_rica_earthquake
265912993198514178	2012_guatemala_earthquake
266220330815737856	2012_guatemala_earthquake
266220393763860482	2012_guatemala_earthquake
266220456649035776	2012_guatemala_earthquake
266220465046044672	2012_guatemala_earthquake
266220507001667586	2012_guatemala_earthquake
266220976759504896	2012_guatemala_earthquake
266220997718462464	2012_guatemala_earthquake
266221299716722688	2012_guatemala_earthquake
266221417153048576	2012_guatemala_earthquake
266221849166376961	2012_guatemala_earthquake
266222151139475458	2012_guatemala_earthquake
266222235054927872	2012_guatemala_earthquake
266222256005468160	2012_guatemala_earthquake
266222276968603648	2012_guatemala_earthquake
266222776094957568	2012_guatemala_earthquake
266223040352878595	2012_guatemala_earthquake
266223115850362880	2012_guatemala_earthquake
266223484944908289	2012_guatemala_earthquake
266224084726194177	2012_guatemala_earthquake
266224562868469760	2012_guatemala_earthquake
266224709694275585	2012_guatemala_earthquake
266224835506601985	2012_guatemala_earthquake
266224869056847872	2012_guatemala_earthquake
266224906797187073	2012_guatemala_earthquake
266224990700064768	2012_guatemala_earthquake
266225036845793280	2012_guatemala_earthquake
266225737281986560	2012_guatemala_earthquake
266225997324640256	2012_guatemala_earthquake
266226135749234688	2012_guatemala_earthquake
266226202866495489	2012_guatemala_earthquake
266226362220699648	2012_guatemala_earthquake
266226907484401665	2012_guatemala_earthquake
266227243024543744	2012_guatemala_earthquake
266227704418926594	2012_guatemala_earthquake
266227834442371072	2012_guatemala_earthquake
266229411517456384	2012_guatemala_earthquake
266229642199973888	2012_guatemala_earthquake
266229646398476289	2012_guatemala_earthquake
266230757863849984	2012_guatemala_earthquake
266230913040535552	2012_guatemala_earthquake
266231475098238976	2012_guatemala_earthquake
266232754348388352	2012_guatemala_earthquake
266232901157396480	2012_guatemala_earthquake
266232959869272064	2012_guatemala_earthquake
266234952193040384	2012_guatemala_earthquake
266235082178707456	2012_guatemala_earthquake
266235333862109184	2012_guatemala_earthquake
266236847993278465	2012_guatemala_earthquake
266238383121129472	2012_guatemala_earthquake
266238626373980160	2012_guatemala_earthquake
266241134567772161	2012_guatemala_earthquake
266243462427471872	2012_guatemala_earthquake
266244359991721984	2012_guatemala_earthquake
266246364894203905	2012_guatemala_earthquake
266248667562905600	2012_guatemala_earthquake
266249594508283904	2012_guatemala_earthquake
266250693382389760	2012_guatemala_earthquake
266254136926937088	2012_guatemala_earthquake
266255525220589569	2012_guatemala_earthquake
266259090379005952	2012_guatemala_earthquake
266260835205267456	2012_guatemala_earthquake
266261598597959680	2012_guatemala_earthquake
266261955101204480	2012_guatemala_earthquake
266262219363336192	2012_guatemala_earthquake
266266543657209856	2012_guatemala_earthquake
266277817971511296	2012_guatemala_earthquake
266284851815133184	2012_guatemala_earthquake
266288169517989888	2012_guatemala_earthquake
266295132058427393	2012_guatemala_earthquake
266296935600771072	2012_guatemala_earthquake
266300047765958656	2012_guatemala_earthquake
266300588831145985	2012_guatemala_earthquake
266308075667988480	2012_guatemala_earthquake
266312987206352898	2012_guatemala_earthquake
266314803335811072	2012_guatemala_earthquake
266315625436160002	2012_guatemala_earthquake
266326887117242368	2012_guatemala_earthquake
266331727339876354	2012_guatemala_earthquake
266346063462559744	2012_guatemala_earthquake
266353126683066368	2012_guatemala_earthquake
266360043107127296	2012_guatemala_earthquake
266360265405239300	2012_guatemala_earthquake
266362047967686656	2012_guatemala_earthquake
266370700841996288	2012_guatemala_earthquake
266378355434217474	2012_guatemala_earthquake
266380570018340865	2012_guatemala_earthquake
266381928989589505	2012_guatemala_earthquake
266384709779615744	2012_guatemala_earthquake
266386672726446080	2012_guatemala_earthquake
266390414033055746	2012_guatemala_earthquake
266412450918846464	2012_guatemala_earthquake
266502137721257985	2012_guatemala_earthquake
266534043779219457	2012_guatemala_earthquake
266563999498391552	2012_guatemala_earthquake
266609256072105984	2012_guatemala_earthquake
266609256072110081	2012_guatemala_earthquake
266628369511223296	2012_guatemala_earthquake
266657364713828352	2012_guatemala_earthquake
266664998351298560	2012_guatemala_earthquake
266666344718671872	2012_guatemala_earthquake
266688369017372672	2012_guatemala_earthquake
266689295941767168	2012_guatemala_earthquake
266695012803280896	2012_guatemala_earthquake
266731704557895680	2012_guatemala_earthquake
266804609954234369	2012_guatemala_earthquake
266919261275041792	2012_guatemala_earthquake
266933115035983872	2012_guatemala_earthquake
266945169478275072	2012_guatemala_earthquake
266946390008160256	2012_guatemala_earthquake
266958452826468352	2012_guatemala_earthquake
266969152500154368	2012_guatemala_earthquake
266996352565776384	2012_guatemala_earthquake
266996843320320001	2012_guatemala_earthquake
267130750669824001	2012_guatemala_earthquake
267374053822713856	2012_guatemala_earthquake
267451099018047488	2012_guatemala_earthquake
267459412132757504	2012_guatemala_earthquake
267757610361569281	2012_guatemala_earthquake
267758482764201985	2012_guatemala_earthquake
267760827375955968	2012_guatemala_earthquake
267761720762695680	2012_guatemala_earthquake
267765248193339392	2012_guatemala_earthquake
267777180958863360	2012_guatemala_earthquake
267780305727918080	2012_guatemala_earthquake
267781312377651200	2012_guatemala_earthquake
267833766322532353	2012_guatemala_earthquake
267839902601859072	2012_guatemala_earthquake
269579108516765697	2012_guatemala_earthquake
204033969124155392	2012_italy_earthquakes
204034510176780288	2012_italy_earthquakes
204039874679025664	2012_italy_earthquakes
204123320365486080	2012_italy_earthquakes
204143163605127169	2012_italy_earthquakes
204173618446467074	2012_italy_earthquakes
204180358730752001	2012_italy_earthquakes
204203775492231170	2012_italy_earthquakes
204221987176972289	2012_italy_earthquakes
204281261064323072	2012_italy_earthquakes
204316916867792896	2012_italy_earthquakes
204910071120019456	2012_italy_earthquakes
204912839381618689	2012_italy_earthquakes
204922570154323968	2012_italy_earthquakes
204924231102894080	2012_italy_earthquakes
204926470869618689	2012_italy_earthquakes
204929775997952001	2012_italy_earthquakes
204965884748513280	2012_italy_earthquakes
204979012903256064	2012_italy_earthquakes
204979147150340096	2012_italy_earthquakes
205002933023145985	2012_italy_earthquakes
205024114245771265	2012_italy_earthquakes
205054044824281088	2012_italy_earthquakes
205121308864942080	2012_italy_earthquakes
205416365589401602	2012_italy_earthquakes
205416625606897665	2012_italy_earthquakes
205417355428364289	2012_italy_earthquakes
206402928787996672	2012_italy_earthquakes
207372047901392897	2012_italy_earthquakes
207372463137501185	2012_italy_earthquakes
207373851435339778	2012_italy_earthquakes
207375013249155073	2012_italy_earthquakes
207382781100175360	2012_italy_earthquakes
207385121546977280	2012_italy_earthquakes
207388514730508288	2012_italy_earthquakes
207389059990032384	2012_italy_earthquakes
207392293819387904	2012_italy_earthquakes
207400942440685570	2012_italy_earthquakes
207407074521513985	2012_italy_earthquakes
207409750504259584	2012_italy_earthquakes
207410895540854784	2012_italy_earthquakes
207419661619437569	2012_italy_earthquakes
207430424199307264	2012_italy_earthquakes
207432202592595969	2012_italy_earthquakes
207436279451881472	2012_italy_earthquakes
207437881709563904	2012_italy_earthquakes
207439018336587778	2012_italy_earthquakes
207439605543354369	2012_italy_earthquakes
207442596069507072	2012_italy_earthquakes
207447633445392384	2012_italy_earthquakes
207447964787027968	2012_italy_earthquakes
207454096888823809	2012_italy_earthquakes
207458492515229696	2012_italy_earthquakes
207464691679772672	2012_italy_earthquakes
207471138316619776	2012_italy_earthquakes
207491602330042369	2012_italy_earthquakes
207496509686689792	2012_italy_earthquakes
207506680852905984	2012_italy_earthquakes
207509394563403776	2012_italy_earthquakes
207511177150988288	2012_italy_earthquakes
207559742988623872	2012_italy_earthquakes
207564608385462273	2012_italy_earthquakes
207612956123475968	2012_italy_earthquakes
207831886209368064	2012_italy_earthquakes
207898516931100673	2012_italy_earthquakes
208261483623223296	2012_italy_earthquakes
208299395907719169	2012_italy_earthquakes
209369555812876288	2012_italy_earthquakes
209370717647667200	2012_italy_earthquakes
209373427163856900	2012_italy_earthquakes
209397150155685888	2012_italy_earthquakes
210663968342155264	2012_italy_earthquakes
210678870712664065	2012_italy_earthquakes
232098111722504192	2012_philipinnes_floods
232098296242524162	2012_philipinnes_floods
232099369975955456	2012_philipinnes_floods
232105611121262592	2012_philipinnes_floods
232422541103357952	2012_philipinnes_floods
232465335587074048	2012_philipinnes_floods
232467948634255360	2012_philipinnes_floods
232474613387513857	2012_philipinnes_floods
232501180109058048	2012_philipinnes_floods
232502207713533952	2012_philipinnes_floods
232703890846523393	2012_philipinnes_floods
232707095282200576	2012_philipinnes_floods
232710165521108992	2012_philipinnes_floods
232713671946674176	2012_philipinnes_floods
232719346844176386	2012_philipinnes_floods
232727089537773569	2012_philipinnes_floods
232728221974667265	2012_philipinnes_floods
232730436583952384	2012_philipinnes_floods
232731782972338176	2012_philipinnes_floods
232743678014287873	2012_philipinnes_floods
232746769186963456	2012_philipinnes_floods
232747289310031872	2012_philipinnes_floods
232750271464345600	2012_philipinnes_floods
232751710081257472	2012_philipinnes_floods
232753056482205696	2012_philipinnes_floods
232755824693501952	2012_philipinnes_floods
232757947019694080	2012_philipinnes_floods
232758387409055744	2012_philipinnes_floods
232760975307190272	2012_philipinnes_floods
232768537637294080	2012_philipinnes_floods
232768722178285569	2012_philipinnes_floods
232778020958638080	2012_philipinnes_floods
232791446925742081	2012_philipinnes_floods
232792277410512897	2012_philipinnes_floods
232792705221132289	2012_philipinnes_floods
232793535714295808	2012_philipinnes_floods
232793565057658881	2012_philipinnes_floods
232793699283783680	2012_philipinnes_floods
232793778971353088	2012_philipinnes_floods
232795259535503360	2012_philipinnes_floods
232796169699483648	2012_philipinnes_floods
232799218996232192	2012_philipinnes_floods
232799516766662656	2012_philipinnes_floods
232799655203844098	2012_philipinnes_floods
232800825376927744	2012_philipinnes_floods
232807263633543169	2012_philipinnes_floods
232808412910604288	2012_philipinnes_floods
232813211194359809	2012_philipinnes_floods
232813328605515777	2012_philipinnes_floods
232815073452773376	2012_philipinnes_floods
232815148958617602	2012_philipinnes_floods
232816356884611073	2012_philipinnes_floods
232816675685294080	2012_philipinnes_floods
232817770377658368	2012_philipinnes_floods
232818214986461185	2012_philipinnes_floods
232818466648895488	2012_philipinnes_floods
232818701504749568	2012_philipinnes_floods
232818969969569792	2012_philipinnes_floods
232818982556667904	2012_philipinnes_floods
232820219846995969	2012_philipinnes_floods
232820475691147265	2012_philipinnes_floods
232820832215392256	2012_philipinnes_floods
232820836418076672	2012_philipinnes_floods
232820903526952961	2012_philipinnes_floods
232820958061277185	2012_philipinnes_floods
232821037761437697	2012_philipinnes_floods
232821184545308672	2012_philipinnes_floods
232821469778939904	2012_philipinnes_floods
232821574623981568	2012_philipinnes_floods
232821989864267776	2012_philipinnes_floods
232822056981499904	2012_philipinnes_floods
232822199571066881	2012_philipinnes_floods
232822648365801472	2012_philipinnes_floods
232822749033283584	2012_philipinnes_floods
232822941962862592	2012_philipinnes_floods
232822962917629952	2012_philipinnes_floods
232823264924295168	2012_philipinnes_floods
232823323648745472	2012_philipinnes_floods
232824183485243392	2012_philipinnes_floods
232824829416448000	2012_philipinnes_floods
232825030738862080	2012_philipinnes_floods
232825483715284992	2012_philipinnes_floods
232826943333089280	2012_philipinnes_floods
232827551515561985	2012_philipinnes_floods
232830965662244864	2012_philipinnes_floods
232831414469525504	2012_philipinnes_floods
232831754187190273	2012_philipinnes_floods
232833553552003072	2012_philipinnes_floods
232836812538781698	2012_philipinnes_floods
232837701718667264	2012_philipinnes_floods
232838989386747905	2012_philipinnes_floods
232839433945223169	2012_philipinnes_floods
232840310592507904	2012_philipinnes_floods
232842390929563648	2012_philipinnes_floods
232843166884167681	2012_philipinnes_floods
232845733798236160	2012_philipinnes_floods
232850498556948482	2012_philipinnes_floods
232850645353377792	2012_philipinnes_floods
232854109819138048	2012_philipinnes_floods
232855493964623872	2012_philipinnes_floods
232864230708236290	2012_philipinnes_floods
232867116380987392	2012_philipinnes_floods
232871587509055488	2012_philipinnes_floods
232872908685443072	2012_philipinnes_floods
232874166989225986	2012_philipinnes_floods
232878705234550784	2012_philipinnes_floods
232883293798944768	2012_philipinnes_floods
232883469963911168	2012_philipinnes_floods
232887425184194560	2012_philipinnes_floods
232887844614578176	2012_philipinnes_floods
232892202483867648	2012_philipinnes_floods
232893980885516288	2012_philipinnes_floods
232918265909878784	2012_philipinnes_floods
233013942182608896	2012_philipinnes_floods
233017532506836993	2012_philipinnes_floods
233021286413111296	2012_philipinnes_floods
233031482745171968	2012_philipinnes_floods
233042312442310656	2012_philipinnes_floods
233061639820279808	2012_philipinnes_floods
233086897881231360	2012_philipinnes_floods
233098088292700161	2012_philipinnes_floods
233108087530192896	2012_philipinnes_floods
233118862692995072	2012_philipinnes_floods
233149263020961792	2012_philipinnes_floods
233163100029874176	2012_philipinnes_floods
233165184569602048	2012_philipinnes_floods
233167218840592385	2012_philipinnes_floods
233168087048929280	2012_philipinnes_floods
233168099606683648	2012_philipinnes_floods
233171723514699776	2012_philipinnes_floods
233174890210004993	2012_philipinnes_floods
233177805263876096	2012_philipinnes_floods
233306666840502272	2012_philipinnes_floods
233310043242651649	2012_philipinnes_floods
233314619249278976	2012_philipinnes_floods
233316624139157505	2012_philipinnes_floods
233318473802084353	2012_philipinnes_floods
233343111156355072	2012_philipinnes_floods
233360966321070081	2012_philipinnes_floods
233369229070565376	2012_philipinnes_floods
233398803116478465	2012_philipinnes_floods
233428041630613505	2012_philipinnes_floods
233485851697504256	2012_philipinnes_floods
233984890008391680	2012_philipinnes_floods
234141320761982976	2012_philipinnes_floods
235330640831201281	2012_philipinnes_floods
235364799238782976	2012_philipinnes_floods
275094664414126080	2012_typhoon_pablo
275095633273171968	2012_typhoon_pablo
275096610558590976	2012_typhoon_pablo
275101320761991169	2012_typhoon_pablo
275155678954414080	2012_typhoon_pablo
275229192499634176	2012_typhoon_pablo
275324801663520768	2012_typhoon_pablo
275524807070736384	2012_typhoon_pablo
275541944975896576	2012_typhoon_pablo
275687407624548353	2012_typhoon_pablo
275731913396858881	2012_typhoon_pablo
275738049646833664	2012_typhoon_pablo
275756085158223872	2012_typhoon_pablo
275757473493835778	2012_typhoon_pablo
275771495056285698	2012_typhoon_pablo
275786816840404992	2012_typhoon_pablo
275833683993317376	2012_typhoon_pablo
275840034144399360	2012_typhoon_pablo
275870698734493698	2012_typhoon_pablo
275877501895573504	2012_typhoon_pablo
275890831381123072	2012_typhoon_pablo
275899106730336256	2012_typhoon_pablo
275911119233757184	2012_typhoon_pablo
275924637454573568	2012_typhoon_pablo
275932946383388673	2012_typhoon_pablo
275967352250707968	2012_typhoon_pablo
275983009583337473	2012_typhoon_pablo
276016828260696065	2012_typhoon_pablo
276044883968536579	2012_typhoon_pablo
276113842533175296	2012_typhoon_pablo
276276531167363072	2012_typhoon_pablo
276286903706349568	2012_typhoon_pablo
276301717971271680	2012_typhoon_pablo
276342289478078464	2012_typhoon_pablo
276342645981343745	2012_typhoon_pablo
276406051295870976	2012_typhoon_pablo
276493892604547072	2012_typhoon_pablo
276526348145672192	2012_typhoon_pablo
276526687867514880	2012_typhoon_pablo
276602256621703168	2012_typhoon_pablo
276639392997732352	2012_typhoon_pablo
276642123489636352	2012_typhoon_pablo
276672158913155072	2012_typhoon_pablo
276674906165493760	2012_typhoon_pablo
276686180454633472	2012_typhoon_pablo
276719969792839680	2012_typhoon_pablo
276722746392715265	2012_typhoon_pablo
276821383852462080	2012_typhoon_pablo
276838651797860353	2012_typhoon_pablo
276983812494327809	2012_typhoon_pablo
277001155907833856	2012_typhoon_pablo
277267573907812352	2012_typhoon_pablo
277267573932949504	2012_typhoon_pablo
277274343514439680	2012_typhoon_pablo
278474250019540992	2012_typhoon_pablo
279099499123732480	2012_typhoon_pablo
279422162710974464	2012_typhoon_pablo
279426268951367681	2012_typhoon_pablo
279507592299028481	2012_typhoon_pablo
279583588901593092	2012_typhoon_pablo
239478660673978368	2012_venezuela_refinery
239479273029791745	2012_venezuela_refinery
239493206511869952	2012_venezuela_refinery
239502400422039552	2012_venezuela_refinery
239504715707191296	2012_venezuela_refinery
239517608976723968	2012_venezuela_refinery
239530183495938049	2012_venezuela_refinery
239538714710265856	2012_venezuela_refinery
239538718900375552	2012_venezuela_refinery
239551503168331776	2012_venezuela_refinery
239553201853042688	2012_venezuela_refinery
239573250609401856	2012_venezuela_refinery
239574546670301186	2012_venezuela_refinery
239579483357728769	2012_venezuela_refinery
239686698156584960	2012_venezuela_refinery
239695590097838081	2012_venezuela_refinery
239716339307143168	2012_venezuela_refinery
239719669584494592	2012_venezuela_refinery
239730482504400897	2012_venezuela_refinery
239732030181621761	2012_venezuela_refinery
239740875977154560	2012_venezuela_refinery
239741903602597888	2012_venezuela_refinery
239744512451297281	2012_venezuela_refinery
239760031371915265	2012_venezuela_refinery
239766423482810370	2012_venezuela_refinery
239767790851084291	2012_venezuela_refinery
239771033043869696	2012_venezuela_refinery
239791266370551808	2012_venezuela_refinery
239798090503188481	2012_venezuela_refinery
239804683949068288	2012_venezuela_refinery
239835889566625792	2012_venezuela_refinery
239835902149537792	2012_venezuela_refinery
239863802626203648	2012_venezuela_refinery
239863966225018881	2012_venezuela_refinery
239876595291136001	2012_venezuela_refinery
239887290766327808	2012_venezuela_refinery
239888620356509696	2012_venezuela_refinery
239897566798548992	2012_venezuela_refinery
239902285403152386	2012_venezuela_refinery
239932429857599488	2012_venezuela_refinery
239937291047559168	2012_venezuela_refinery
239949748109447168	2012_venezuela_refinery
239955796325171202	2012_venezuela_refinery
239956521923006465	2012_venezuela_refinery
239970925175508992	2012_venezuela_refinery
240014042595467264	2012_venezuela_refinery
240019939816263680	2012_venezuela_refinery
240107953087205376	2012_venezuela_refinery
240121517441167361	2012_venezuela_refinery
240125342646427648	2012_venezuela_refinery
240152559506046976	2012_venezuela_refinery
240181969978261504	2012_venezuela_refinery
240182586545164290	2012_venezuela_refinery
240201448317665280	2012_venezuela_refinery
240208188564189184	2012_venezuela_refinery
240234751074635776	2012_venezuela_refinery
240247183012659200	2012_venezuela_refinery
240248357417779200	2012_venezuela_refinery
240249892503687168	2012_venezuela_refinery
240308335969202176	2012_venezuela_refinery
240314770002178049	2012_venezuela_refinery
240476137493508096	2012_venezuela_refinery
240626050294480896	2012_venezuela_refinery
240859144544985089	2012_venezuela_refinery
241394555851792384	2012_venezuela_refinery
241600034771173377	2012_venezuela_refinery
347936533795446784	2013_alberta_floods
347954099536412672	2013_alberta_floods
347964547556052992	2013_alberta_floods
347976702649053184	2013_alberta_floods
348069715530354688	2013_alberta_floods
348101621579911169	2013_alberta_floods
348117073395859456	2013_alberta_floods
348118088450969601	2013_alberta_floods
348134483955945472	2013_alberta_floods
348163869258166272	2013_alberta_floods
348176225677750272	2013_alberta_floods
348193468469870592	2013_alberta_floods
348198124138934272	2013_alberta_floods
348199323735048192	2013_alberta_floods
348222744695025664	2013_alberta_floods
348276276630528000	2013_alberta_floods
348300918145552384	2013_alberta_floods
348316315422953473	2013_alberta_floods
348445667783491584	2013_alberta_floods
348501917573455872	2013_alberta_floods
348572549673795584	2013_alberta_floods
348608960414240768	2013_alberta_floods
348657408840708096	2013_alberta_floods
348926066573840385	2013_alberta_floods
349571926458515456	2013_alberta_floods
349693544505683968	2013_alberta_floods
350359679697821697	2013_alberta_floods
352513983267352577	2013_alberta_floods
352612683616493568	2013_alberta_floods
352957778387681280	2013_alberta_floods
352959690981916672	2013_alberta_floods
352989562831777793	2013_alberta_floods
353074690413170689	2013_alberta_floods
353669425951539204	2013_alberta_floods
353774623269203968	2013_alberta_floods
354608123765460994	2013_alberta_floods
390525739864702976	2013_australia_bushfire
390716274512125952	2013_australia_bushfire
390716622651924480	2013_australia_bushfire
390729251710058496	2013_australia_bushfire
390731059467272192	2013_australia_bushfire
390760499249303552	2013_australia_bushfire
390760885134049280	2013_australia_bushfire
390766610388353024	2013_australia_bushfire
390771433837563904	2013_australia_bushfire
390772897616117760	2013_australia_bushfire
390778270532108288	2013_australia_bushfire
390780388672413696	2013_australia_bushfire
390804275204337664	2013_australia_bushfire
390811707544969216	2013_australia_bushfire
390983174882226176	2013_australia_bushfire
391014174966308864	2013_australia_bushfire
391014644749713409	2013_australia_bushfire
391021213008424960	2013_australia_bushfire
391087852110376960	2013_australia_bushfire
391138208920387584	2013_australia_bushfire
391155489448288256	2013_australia_bushfire
391308468323627008	2013_australia_bushfire
391348398085124096	2013_australia_bushfire
391379524006322176	2013_australia_bushfire
391433844454223872	2013_australia_bushfire
391441171873947648	2013_australia_bushfire
391441239016361984	2013_australia_bushfire
391444246336532480	2013_australia_bushfire
391668838724403200	2013_australia_bushfire
391691852845314048	2013_australia_bushfire
391806843905138688	2013_australia_bushfire
391807070380380160	2013_australia_bushfire
391821993731194880	2013_australia_bushfire
391877035569586176	2013_australia_bushfire
391877052355194880	2013_australia_bushfire
391908207658287104	2013_australia_bushfire
391909352682299392	2013_australia_bushfire
391919888769351680	2013_australia_bushfire
391921977524359169	2013_australia_bushfire
391930340979527680	2013_australia_bushfire
391954391118258177	2013_australia_bushfire
392048364516171776	2013_australia_bushfire
392067356295315456	2013_australia_bushfire
392122301690310656	2013_australia_bushfire
392155063411425280	2013_australia_bushfire
392174713725677568	2013_australia_bushfire
392192686293147648	2013_australia_bushfire
392203662790909952	2013_australia_bushfire
392223308923416576	2013_australia_bushfire
392237284344340480	2013_australia_bushfire
392257718976655360	2013_australia_bushfire
392307199206121473	2013_australia_bushfire
392383309042700288	2013_australia_bushfire
392391898977304576	2013_australia_bushfire
392480210035040257	2013_australia_bushfire
392510325167099904	2013_australia_bushfire
392517145067655169	2013_australia_bushfire
392530239693139968	2013_australia_bushfire
392639966892662784	2013_australia_bushfire
392769369551699968	2013_australia_bushfire
392776969651097600	2013_australia_bushfire
392786692047794176	2013_australia_bushfire
392790462718685184	2013_australia_bushfire
392884595462373376	2013_australia_bushfire
392945857462415360	2013_australia_bushfire
392966388593065985	2013_australia_bushfire
392978333962469376	2013_australia_bushfire
392981395816996864	2013_australia_bushfire
393004682605383680	2013_australia_bushfire
393109003321888768	2013_australia_bushfire
393173855646130176	2013_australia_bushfire
393178410668658688	2013_australia_bushfire
393214192280678400	2013_australia_bushfire
393221700063481856	2013_australia_bushfire
393232261333520384	2013_australia_bushfire
393234232656408578	2013_australia_bushfire
393286145552826368	2013_australia_bushfire
393289601663500288	2013_australia_bushfire
393307502952972289	2013_australia_bushfire
393339346108952576	2013_australia_bushfire
393506245866295296	2013_australia_bushfire
393532242145714176	2013_australia_bushfire
395860881978179585	2013_australia_bushfire
389911173665001472	2013_bohol_earthquake
389911358214393856	2013_bohol_earthquake
389911937040932864	2013_bohol_earthquake
389911949644808193	2013_bohol_earthquake
389915464446795776	2013_bohol_earthquake
389918157202128896	2013_bohol_earthquake
389922607333515264	2013_bohol_earthquake
389927728591294464	2013_bohol_earthquake
389927984435449856	2013_bohol_earthquake
389928051540127744	2013_bohol_earthquake
389928303219335169	2013_bohol_earthquake
389929787990355968	2013_bohol_earthquake
389931205690277889	2013_bohol_earthquake
389931578971131904	2013_bohol_earthquake
389931721556115457	2013_bohol_earthquake
389931935486590976	2013_bohol_earthquake
389933239902543874	2013_bohol_earthquake
389933822936367104	2013_bohol_earthquake
389934682747322368	2013_bohol_earthquake
389939166479257601	2013_bohol_earthquake
389939170652590080	2013_bohol_earthquake
389940261180022784	2013_bohol_earthquake
389944585511641088	2013_bohol_earthquake
389947278230052864	2013_bohol_earthquake
389948880474763264	2013_bohol_earthquake
389949492839342080	2013_bohol_earthquake
389950730175389696	2013_bohol_earthquake
389951606768558080	2013_bohol_earthquake
389952756028424192	2013_bohol_earthquake
389953238352408576	2013_bohol_earthquake
389953452245127169	2013_bohol_earthquake
389954593133588481	2013_bohol_earthquake
389955004137611265	2013_bohol_earthquake
389955020944187393	2013_bohol_earthquake
389956186969497601	2013_bohol_earthquake
389956845449662464	2013_bohol_earthquake
389957483009044480	2013_bohol_earthquake
389958657405747200	2013_bohol_earthquake
389959592722956289	2013_bohol_earthquake
389961538880012288	2013_bohol_earthquake
389962189013929986	2013_bohol_earthquake
389962277069144064	2013_bohol_earthquake
389962293846351873	2013_bohol_earthquake
389962335781019648	2013_bohol_earthquake
389962570662027264	2013_bohol_earthquake
389962742653657088	2013_bohol_earthquake
389963178857091073	2013_bohol_earthquake
389963396944121856	2013_bohol_earthquake
389964328108953602	2013_bohol_earthquake
389964802048536576	2013_bohol_earthquake
389965196325695488	2013_bohol_earthquake
389965745750163457	2013_bohol_earthquake
389966291009671168	2013_bohol_earthquake
389967612244815872	2013_bohol_earthquake
389968736293101568	2013_bohol_earthquake
389968987959721985	2013_bohol_earthquake
389969310933716992	2013_bohol_earthquake
389969587757785088	2013_bohol_earthquake
389969625493950464	2013_bohol_earthquake
389969738748538880	2013_bohol_earthquake
389970137199034368	2013_bohol_earthquake
389970565038997504	2013_bohol_earthquake
389971915600695297	2013_bohol_earthquake
389972842529312768	2013_bohol_earthquake
389973077406121985	2013_bohol_earthquake
389973366834081792	2013_bohol_earthquake
389973521998172160	2013_bohol_earthquake
389973790446206976	2013_bohol_earthquake
389976105685237760	2013_bohol_earthquake
389977397543464960	2013_bohol_earthquake
389978215415967744	2013_bohol_earthquake
389980069336059904	2013_bohol_earthquake
389980396479188993	2013_bohol_earthquake
389980526477455360	2013_bohol_earthquake
389981386313973760	2013_bohol_earthquake
389981797368344577	2013_bohol_earthquake
389983626093686784	2013_bohol_earthquake
389983835812679680	2013_bohol_earthquake
389984813069115392	2013_bohol_earthquake
389985354159116288	2013_bohol_earthquake
389985643561893888	2013_bohol_earthquake
389986138481373184	2013_bohol_earthquake
389987736523792384	2013_bohol_earthquake
389997723161604097	2013_bohol_earthquake
389997928661544960	2013_bohol_earthquake
389998893355651073	2013_bohol_earthquake
390001510584561664	2013_bohol_earthquake
390001871290499072	2013_bohol_earthquake
390002441733042176	2013_bohol_earthquake
390007202276065280	2013_bohol_earthquake
390007336477020160	2013_bohol_earthquake
390009727230304256	2013_bohol_earthquake
390015200809603072	2013_bohol_earthquake
390015913858052096	2013_bohol_earthquake
390019768394059776	2013_bohol_earthquake
390020468863823872	2013_bohol_earthquake
390026064061153280	2013_bohol_earthquake
390026483487367168	2013_bohol_earthquake
390027838247563264	2013_bohol_earthquake
390030765880127488	2013_bohol_earthquake
390033240511111169	2013_bohol_earthquake
390033508925591552	2013_bohol_earthquake
390034591072804864	2013_bohol_earthquake
390035589325545473	2013_bohol_earthquake
390036000346365952	2013_bohol_earthquake
390037141209636864	2013_bohol_earthquake
390044435104280576	2013_bohol_earthquake
390045848597319680	2013_bohol_earthquake
390046028956577792	2013_bohol_earthquake
390057299055607808	2013_bohol_earthquake
390063166874337280	2013_bohol_earthquake
390063980573499392	2013_bohol_earthquake
390064269984686080	2013_bohol_earthquake
390065897353654273	2013_bohol_earthquake
390068845945171968	2013_bohol_earthquake
390072163648036864	2013_bohol_earthquake
390073224794361856	2013_bohol_earthquake
390074978038603776	2013_bohol_earthquake
390075967890153473	2013_bohol_earthquake
390080099287986176	2013_bohol_earthquake
390082540369096704	2013_bohol_earthquake
390083882537598976	2013_bohol_earthquake
390085216326270976	2013_bohol_earthquake
390085593822015488	2013_bohol_earthquake
390090438234742784	2013_bohol_earthquake
390093416169615361	2013_bohol_earthquake
390093902734045185	2013_bohol_earthquake
390094145999478784	2013_bohol_earthquake
390094317965946880	2013_bohol_earthquake
390094842270711808	2013_bohol_earthquake
390095492375257089	2013_bohol_earthquake
390095597220270080	2013_bohol_earthquake
390102752703283200	2013_bohol_earthquake
390113913733259266	2013_bohol_earthquake
390116602282139650	2013_bohol_earthquake
390116749091172352	2013_bohol_earthquake
390117235630411776	2013_bohol_earthquake
390119370547941378	2013_bohol_earthquake
390121794868637696	2013_bohol_earthquake
390126395981983745	2013_bohol_earthquake
390140845376012288	2013_bohol_earthquake
390147392688762880	2013_bohol_earthquake
390151729615880192	2013_bohol_earthquake
390158830551977984	2013_bohol_earthquake
390163146486198272	2013_bohol_earthquake
390228627956068352	2013_bohol_earthquake
390257010807029760	2013_bohol_earthquake
390263121941499904	2013_bohol_earthquake
390279496487927810	2013_bohol_earthquake
390279945261289472	2013_bohol_earthquake
390297330685313024	2013_bohol_earthquake
390298031121510400	2013_bohol_earthquake
390310869894066176	2013_bohol_earthquake
390316490232057857	2013_bohol_earthquake
390335465296904193	2013_bohol_earthquake
390347750409109504	2013_bohol_earthquake
390373897704448000	2013_bohol_earthquake
390374682022510592	2013_bohol_earthquake
390375290184032257	2013_bohol_earthquake
390375738982952960	2013_bohol_earthquake
390423465972748289	2013_bohol_earthquake
390426896909234176	2013_bohol_earthquake
390428494947053568	2013_bohol_earthquake
390439282675945472	2013_bohol_earthquake
390456370287218689	2013_bohol_earthquake
390474506474496000	2013_bohol_earthquake
390481980691058688	2013_bohol_earthquake
390771295396188160	2013_bohol_earthquake
390812676407840770	2013_bohol_earthquake
390818263212380160	2013_bohol_earthquake
390831689200459777	2013_bohol_earthquake
391152863834959873	2013_bohol_earthquake
391538764968755200	2013_bohol_earthquake
391539360543170560	2013_bohol_earthquake
391540522352783360	2013_bohol_earthquake
391585225253220352	2013_bohol_earthquake
391716876092329984	2013_bohol_earthquake
391975421375287296	2013_bohol_earthquake
392083403719585792	2013_bohol_earthquake
392085882540277760	2013_bohol_earthquake
392149782791073792	2013_bohol_earthquake
392907689316982785	2013_bohol_earthquake
323885803266797568	2013_boston_bombings
323887661318303744	2013_boston_bombings
323887665546149888	2013_boston_bombings
323890354074046466	2013_boston_bombings
323896708461363201	2013_boston_bombings
323901007597801472	2013_boston_bombings
323901687091826688	2013_boston_bombings
323902878253191168	2013_boston_bombings
323905441010688000	2013_boston_bombings
323907869504323584	2013_boston_bombings
323911690502696960	2013_boston_bombings
323915364717195264	2013_boston_bombings
323918019690639360	2013_boston_bombings
323918808219799552	2013_boston_bombings
323924088852717570	2013_boston_bombings
323925330362507264	2013_boston_bombings
323927284937523202	2013_boston_bombings
323933043687563264	2013_boston_bombings
323935170229059584	2013_boston_bombings
323935539311022080	2013_boston_bombings
323938471150493696	2013_boston_bombings
323938643087601664	2013_boston_bombings
323951397974470658	2013_boston_bombings
323967466340487168	2013_boston_bombings
323972273042231297	2013_boston_bombings
323975561347211264	2013_boston_bombings
323980560957579264	2013_boston_bombings
323992044987113472	2013_boston_bombings
324006355956531200	2013_boston_bombings
324011993096921088	2013_boston_bombings
324012144070914049	2013_boston_bombings
324033522438377472	2013_boston_bombings
324101763772870657	2013_boston_bombings
324141173444849665	2013_boston_bombings
324148022760071168	2013_boston_bombings
324212082381836288	2013_boston_bombings
324226208780918784	2013_boston_bombings
324249482957033472	2013_boston_bombings
324270420943597568	2013_boston_bombings
324287344960208896	2013_boston_bombings
324290746528186368	2013_boston_bombings
324496867205451776	2013_boston_bombings
324621580636405761	2013_boston_bombings
324651821589229568	2013_boston_bombings
325328060842905600	2013_boston_bombings
325333064614039554	2013_boston_bombings
325385854140940288	2013_boston_bombings
325408549519896577	2013_boston_bombings
325408893440241664	2013_boston_bombings
325410667643416576	2013_boston_bombings
325412223734394880	2013_boston_bombings
325475838734774272	2013_boston_bombings
325570655162601472	2013_boston_bombings
325982175113658369	2013_boston_bombings
333627296600686594	2013_boston_bombings
295508362920095744	2013_brazil_nightclub_fire
295511420567711744	2013_brazil_nightclub_fire
295513509331091456	2013_brazil_nightclub_fire
295522577433120773	2013_brazil_nightclub_fire
295524951396605953	2013_brazil_nightclub_fire
295524993335451648	2013_brazil_nightclub_fire
295525672829460480	2013_brazil_nightclub_fire
295526935319158786	2013_brazil_nightclub_fire
295527199568691200	2013_brazil_nightclub_fire
295528239735128065	2013_brazil_nightclub_fire
295529900679495680	2013_brazil_nightclub_fire
295533436507140096	2013_brazil_nightclub_fire
295533755270041600	2013_brazil_nightclub_fire
295533767844564992	2013_brazil_nightclub_fire
295534493433991169	2013_brazil_nightclub_fire
295535000944795649	2013_brazil_nightclub_fire
295538448683634688	2013_brazil_nightclub_fire
295543892898639872	2013_brazil_nightclub_fire
295549911716466688	2013_brazil_nightclub_fire
295549987192971266	2013_brazil_nightclub_fire
295551807520907264	2013_brazil_nightclub_fire
295552872911884288	2013_brazil_nightclub_fire
295558174482763776	2013_brazil_nightclub_fire
295558669406457856	2013_brazil_nightclub_fire
295559856415453184	2013_brazil_nightclub_fire
295560598782107648	2013_brazil_nightclub_fire
295563228614889473	2013_brazil_nightclub_fire
295567066415640576	2013_brazil_nightclub_fire
295567133545467904	2013_brazil_nightclub_fire
295570010833825793	2013_brazil_nightclub_fire
295570614813589504	2013_brazil_nightclub_fire
295572141510905857	2013_brazil_nightclub_fire
295572330279743489	2013_brazil_nightclub_fire
295573563396743169	2013_brazil_nightclub_fire
295574603600891905	2013_brazil_nightclub_fire
295576855929565184	2013_brazil_nightclub_fire
295577220817223680	2013_brazil_nightclub_fire
295585957569261568	2013_brazil_nightclub_fire
295587190682034176	2013_brazil_nightclub_fire
295587656262381568	2013_brazil_nightclub_fire
295587941487628288	2013_brazil_nightclub_fire
295589979915161600	2013_brazil_nightclub_fire
295590990717272065	2013_brazil_nightclub_fire
295591431127568384	2013_brazil_nightclub_fire
295591808606552064	2013_brazil_nightclub_fire
295591934439854080	2013_brazil_nightclub_fire
295596548161691648	2013_brazil_nightclub_fire
295596644651646977	2013_brazil_nightclub_fire
295597219283865600	2013_brazil_nightclub_fire
295600100741369856	2013_brazil_nightclub_fire
295608967516786688	2013_brazil_nightclub_fire
295613056954793984	2013_brazil_nightclub_fire
295614436880818177	2013_brazil_nightclub_fire
295621076459864065	2013_brazil_nightclub_fire
295622120841551872	2013_brazil_nightclub_fire
295624209596571649	2013_brazil_nightclub_fire
295626612949520384	2013_brazil_nightclub_fire
295650268811509761	2013_brazil_nightclub_fire
295677200466849792	2013_brazil_nightclub_fire
295679008190898176	2013_brazil_nightclub_fire
295692425756819457	2013_brazil_nightclub_fire
295709446259224576	2013_brazil_nightclub_fire
295710964614057985	2013_brazil_nightclub_fire
295712550048378880	2013_brazil_nightclub_fire
295715855138959360	2013_brazil_nightclub_fire
295715871920377856	2013_brazil_nightclub_fire
295715905474813952	2013_brazil_nightclub_fire
295715926442127361	2013_brazil_nightclub_fire
295715934868475905	2013_brazil_nightclub_fire
295715972579487745	2013_brazil_nightclub_fire
295715997783040001	2013_brazil_nightclub_fire
295716211659010049	2013_brazil_nightclub_fire
295716253627203584	2013_brazil_nightclub_fire
295716295574421505	2013_brazil_nightclub_fire
295716303958859777	2013_brazil_nightclub_fire
295716400423632896	2013_brazil_nightclub_fire
295716488508211200	2013_brazil_nightclub_fire
295716698223411200	2013_brazil_nightclub_fire
295717172188164096	2013_brazil_nightclub_fire
295717188952813568	2013_brazil_nightclub_fire
295717201548296193	2013_brazil_nightclub_fire
295717268627804161	2013_brazil_nightclub_fire
295717268652974081	2013_brazil_nightclub_fire
295717281235881985	2013_brazil_nightclub_fire
295717499335503873	2013_brazil_nightclub_fire
295717612577517568	2013_brazil_nightclub_fire
295717662883991553	2013_brazil_nightclub_fire
295717860028866560	2013_brazil_nightclub_fire
295717960687968257	2013_brazil_nightclub_fire
295718086517063680	2013_brazil_nightclub_fire
295718417875484672	2013_brazil_nightclub_fire
295718489191239680	2013_brazil_nightclub_fire
295718518551355392	2013_brazil_nightclub_fire
295718581461716992	2013_brazil_nightclub_fire
295718673719640064	2013_brazil_nightclub_fire
295718740824301568	2013_brazil_nightclub_fire
295719248360267778	2013_brazil_nightclub_fire
295719990739472386	2013_brazil_nightclub_fire
295720938643800064	2013_brazil_nightclub_fire
295722381484371968	2013_brazil_nightclub_fire
295722800906371072	2013_brazil_nightclub_fire
295722989671022592	2013_brazil_nightclub_fire
295723899834994689	2013_brazil_nightclub_fire
295724520600395776	2013_brazil_nightclub_fire
295725044884176897	2013_brazil_nightclub_fire
295725871174672385	2013_brazil_nightclub_fire
295726282199678976	2013_brazil_nightclub_fire
295730170311106561	2013_brazil_nightclub_fire
295733546713223168	2013_brazil_nightclub_fire
295734305899024384	2013_brazil_nightclub_fire
295734578528800768	2013_brazil_nightclub_fire
295735811649970176	2013_brazil_nightclub_fire
295739813003407361	2013_brazil_nightclub_fire
295742660965183488	2013_brazil_nightclub_fire
295744015729577984	2013_brazil_nightclub_fire
295745106236035072	2013_brazil_nightclub_fire
295745181750280192	2013_brazil_nightclub_fire
295745584386686976	2013_brazil_nightclub_fire
295745659875778560	2013_brazil_nightclub_fire
295746280624369664	2013_brazil_nightclub_fire
295760834871844864	2013_brazil_nightclub_fire
295761434648928258	2013_brazil_nightclub_fire
295762168643731456	2013_brazil_nightclub_fire
295763284332789761	2013_brazil_nightclub_fire
295763284341190656	2013_brazil_nightclub_fire
295773392618000384	2013_brazil_nightclub_fire
295775145828683776	2013_brazil_nightclub_fire
295776462844358656	2013_brazil_nightclub_fire
295788307575631872	2013_brazil_nightclub_fire
295793567228637184	2013_brazil_nightclub_fire
295805101556260864	2013_brazil_nightclub_fire
295817323779072001	2013_brazil_nightclub_fire
295826106618105856	2013_brazil_nightclub_fire
295826198926352384	2013_brazil_nightclub_fire
295827503325523968	2013_brazil_nightclub_fire
295840962847059969	2013_brazil_nightclub_fire
295849368228077570	2013_brazil_nightclub_fire
295853931639238656	2013_brazil_nightclub_fire
295855659696672768	2013_brazil_nightclub_fire
295855676461289472	2013_brazil_nightclub_fire
295856959935102976	2013_brazil_nightclub_fire
295859933692432384	2013_brazil_nightclub_fire
295866497782411265	2013_brazil_nightclub_fire
295870570459955200	2013_brazil_nightclub_fire
295870603993440256	2013_brazil_nightclub_fire
295871069577961473	2013_brazil_nightclub_fire
295875964305563648	2013_brazil_nightclub_fire
295878921306660865	2013_brazil_nightclub_fire
295894415053041664	2013_brazil_nightclub_fire
295896545784655872	2013_brazil_nightclub_fire
295899947356807168	2013_brazil_nightclub_fire
295903059547136000	2013_brazil_nightclub_fire
295910638616707072	2013_brazil_nightclub_fire
295911393629188097	2013_brazil_nightclub_fire
295911779488378880	2013_brazil_nightclub_fire
295913901802004480	2013_brazil_nightclub_fire
295914358972764160	2013_brazil_nightclub_fire
295917706018975745	2013_brazil_nightclub_fire
295926992241586177	2013_brazil_nightclub_fire
295927646527832064	2013_brazil_nightclub_fire
295927646540419072	2013_brazil_nightclub_fire
295932658729488384	2013_brazil_nightclub_fire
295936337146699777	2013_brazil_nightclub_fire
295936559432212480	2013_brazil_nightclub_fire
295939067646976000	2013_brazil_nightclub_fire
295944226636713984	2013_brazil_nightclub_fire
295948597084712962	2013_brazil_nightclub_fire
295948722926395394	2013_brazil_nightclub_fire
295948987146592256	2013_brazil_nightclub_fire
295949146534313985	2013_brazil_nightclub_fire
295949595316453376	2013_brazil_nightclub_fire
295953953219309568	2013_brazil_nightclub_fire
295964174738128896	2013_brazil_nightclub_fire
295968134148538368	2013_brazil_nightclub_fire
295983233647120385	2013_brazil_nightclub_fire
295988682039640064	2013_brazil_nightclub_fire
295990066159960064	2013_brazil_nightclub_fire
295995451650482178	2013_brazil_nightclub_fire
295998815482294272	2013_brazil_nightclub_fire
296011394212577281	2013_brazil_nightclub_fire
296017983451582465	2013_brazil_nightclub_fire
296018784551051264	2013_brazil_nightclub_fire
296025172497018880	2013_brazil_nightclub_fire
296039223394443264	2013_brazil_nightclub_fire
296051651146571777	2013_brazil_nightclub_fire
296059960062779393	2013_brazil_nightclub_fire
296069225259352064	2013_brazil_nightclub_fire
296091719303323649	2013_brazil_nightclub_fire
296091853558804481	2013_brazil_nightclub_fire
296092864373460992	2013_brazil_nightclub_fire
296093313176584192	2013_brazil_nightclub_fire
296100296671780864	2013_brazil_nightclub_fire
296235646866046976	2013_brazil_nightclub_fire
296259072066469889	2013_brazil_nightclub_fire
296268727333318657	2013_brazil_nightclub_fire
296369004778487808	2013_brazil_nightclub_fire
296369982021959680	2013_brazil_nightclub_fire
296419760047009793	2013_brazil_nightclub_fire
296432447820816384	2013_brazil_nightclub_fire
296437837480488960	2013_brazil_nightclub_fire
296441591403520000	2013_brazil_nightclub_fire
296989258445619200	2013_brazil_nightclub_fire
297146943296122881	2013_brazil_nightclub_fire
297180665508659201	2013_brazil_nightclub_fire
297424170017505280	2013_brazil_nightclub_fire
297848562253979649	2013_brazil_nightclub_fire
297939427660009472	2013_brazil_nightclub_fire
298820982284627968	2013_brazil_nightclub_fire
299293755868065792	2013_brazil_nightclub_fire
300655923179950082	2013_brazil_nightclub_fire
300684444455542784	2013_brazil_nightclub_fire
378072872280788992	2013_colorado_floods
378183530599432192	2013_colorado_floods
378191675941588992	2013_colorado_floods
378193936646303744	2013_colorado_floods
378204040762363905	2013_colorado_floods
378213599551832065	2013_colorado_floods
378222038500270080	2013_colorado_floods
379110102663700480	2013_colorado_floods
379120844296843264	2013_colorado_floods
379121972556599296	2013_colorado_floods
379249848513355777	2013_colorado_floods
379251568182185984	2013_colorado_floods
379306224140812288	2013_colorado_floods
379322103763185664	2013_colorado_floods
379360347431268353	2013_colorado_floods
379385957843083264	2013_colorado_floods
379391708271620096	2013_colorado_floods
379414286185267200	2013_colorado_floods
379428379050520576	2013_colorado_floods
379450982167371777	2013_colorado_floods
379631307849887744	2013_colorado_floods
379632293544873984	2013_colorado_floods
379737105007521792	2013_colorado_floods
379793698730414081	2013_colorado_floods
380046804009504768	2013_colorado_floods
380070380183904257	2013_colorado_floods
380081197289725953	2013_colorado_floods
380141700129488896	2013_colorado_floods
380161870550011904	2013_colorado_floods
380214509048037377	2013_colorado_floods
380372567225548800	2013_colorado_floods
380479408730939392	2013_colorado_floods
380700981219966976	2013_colorado_floods
380794547753598977	2013_colorado_floods
380798914007285760	2013_colorado_floods
381044595389247488	2013_colorado_floods
381048261186191361	2013_colorado_floods
381071879336783872	2013_colorado_floods
381075197010272257	2013_colorado_floods
381239148184485888	2013_colorado_floods
381239227847278592	2013_colorado_floods
381400658248613888	2013_colorado_floods
381880532767752192	2013_colorado_floods
382260159185027072	2013_colorado_floods
382352555507867649	2013_colorado_floods
382876805759127552	2013_colorado_floods
383702576153116672	2013_colorado_floods
383702576169885696	2013_colorado_floods
384092260565938178	2013_colorado_floods
384703135778095105	2013_colorado_floods
406558303339413504	2013_glasgow_helicopter_crash
406558320137609216	2013_glasgow_helicopter_crash
406558555010260992	2013_glasgow_helicopter_crash
406558555018645504	2013_glasgow_helicopter_crash
406559368684249088	2013_glasgow_helicopter_crash
406559557457305600	2013_glasgow_helicopter_crash
406559939122192384	2013_glasgow_helicopter_crash
406560144647258112	2013_glasgow_helicopter_crash
406562271138422784	2013_glasgow_helicopter_crash
406562665415598080	2013_glasgow_helicopter_crash
406562938028576768	2013_glasgow_helicopter_crash
406563374236196864	2013_glasgow_helicopter_crash
406564200543424512	2013_glasgow_helicopter_crash
406564301210546176	2013_glasgow_helicopter_crash
406564850635374593	2013_glasgow_helicopter_crash
406564867437363200	2013_glasgow_helicopter_crash
406565332984549377	2013_glasgow_helicopter_crash
406565777601753088	2013_glasgow_helicopter_crash
406567056843476992	2013_glasgow_helicopter_crash
406567283365257216	2013_glasgow_helicopter_crash
406568617145561088	2013_glasgow_helicopter_crash
406568990413430784	2013_glasgow_helicopter_crash
406569120457830400	2013_glasgow_helicopter_crash
406569447609360384	2013_glasgow_helicopter_crash
406569665717358592	2013_glasgow_helicopter_crash
406569770553999360	2013_glasgow_helicopter_crash
406569829307809792	2013_glasgow_helicopter_crash
406570072560242688	2013_glasgow_helicopter_crash
406570882065518592	2013_glasgow_helicopter_crash
406573146972495872	2013_glasgow_helicopter_crash
406574828909785088	2013_glasgow_helicopter_crash
406575189611544576	2013_glasgow_helicopter_crash
406575449641218049	2013_glasgow_helicopter_crash
406575550338052096	2013_glasgow_helicopter_crash
406577181884948480	2013_glasgow_helicopter_crash
406577328698179584	2013_glasgow_helicopter_crash
406577660035203072	2013_glasgow_helicopter_crash
406577953641074688	2013_glasgow_helicopter_crash
406579635569569792	2013_glasgow_helicopter_crash
406581103596933120	2013_glasgow_helicopter_crash
406581275546640384	2013_glasgow_helicopter_crash
406582928110792704	2013_glasgow_helicopter_crash
406590171661238272	2013_glasgow_helicopter_crash
406594076545675264	2013_glasgow_helicopter_crash
406621758985605120	2013_glasgow_helicopter_crash
406634115384246272	2013_glasgow_helicopter_crash
406643695165771776	2013_glasgow_helicopter_crash
406648577344409600	2013_glasgow_helicopter_crash
406678793110036481	2013_glasgow_helicopter_crash
406695805215850496	2013_glasgow_helicopter_crash
406695817794166784	2013_glasgow_helicopter_crash
406698627965669376	2013_glasgow_helicopter_crash
406700968387284992	2013_glasgow_helicopter_crash
406705145934655488	2013_glasgow_helicopter_crash
406712066544631808	2013_glasgow_helicopter_crash
406715715568168961	2013_glasgow_helicopter_crash
406717045158731776	2013_glasgow_helicopter_crash
406718496408895488	2013_glasgow_helicopter_crash
406718550930620416	2013_glasgow_helicopter_crash
406720534811258881	2013_glasgow_helicopter_crash
406720719368634368	2013_glasgow_helicopter_crash
406722145432395776	2013_glasgow_helicopter_crash
406722451616563201	2013_glasgow_helicopter_crash
406722845893726209	2013_glasgow_helicopter_crash
406723533763796992	2013_glasgow_helicopter_crash
406724410360737792	2013_glasgow_helicopter_crash
406725932897304576	2013_glasgow_helicopter_crash
406729581945581568	2013_glasgow_helicopter_crash
406733117752229888	2013_glasgow_helicopter_crash
406735307162525696	2013_glasgow_helicopter_crash
406738666821005312	2013_glasgow_helicopter_crash
406739144942305280	2013_glasgow_helicopter_crash
406739736355930112	2013_glasgow_helicopter_crash
406744530457993216	2013_glasgow_helicopter_crash
406752109531770880	2013_glasgow_helicopter_crash
406757088178606080	2013_glasgow_helicopter_crash
406758895945011200	2013_glasgow_helicopter_crash
406777220863365120	2013_glasgow_helicopter_crash
406804047594008576	2013_glasgow_helicopter_crash
406816588583956480	2013_glasgow_helicopter_crash
406818975134543872	2013_glasgow_helicopter_crash
406820938073010176	2013_glasgow_helicopter_crash
406821567222808576	2013_glasgow_helicopter_crash
406823374951043072	2013_glasgow_helicopter_crash
406824901698260993	2013_glasgow_helicopter_crash
406829691568275457	2013_glasgow_helicopter_crash
406832115888951297	2013_glasgow_helicopter_crash
406832870876262400	2013_glasgow_helicopter_crash
406840483541823489	2013_glasgow_helicopter_crash
406842077377343488	2013_glasgow_helicopter_crash
406856065356013568	2013_glasgow_helicopter_crash
406862629458567168	2013_glasgow_helicopter_crash
406869432611659776	2013_glasgow_helicopter_crash
406871357813977088	2013_glasgow_helicopter_crash
406871441670701056	2013_glasgow_helicopter_crash
406871672361582592	2013_glasgow_helicopter_crash
406874872640733187	2013_glasgow_helicopter_crash
406875396924526592	2013_glasgow_helicopter_crash
406875866690777088	2013_glasgow_helicopter_crash
406877594744016896	2013_glasgow_helicopter_crash
406880841139507200	2013_glasgow_helicopter_crash
406882158134190080	2013_glasgow_helicopter_crash
406882283980079104	2013_glasgow_helicopter_crash
406883898778726401	2013_glasgow_helicopter_crash
406884553069166592	2013_glasgow_helicopter_crash
406885110911598592	2013_glasgow_helicopter_crash
406885140267560960	2013_glasgow_helicopter_crash
406886146938249217	2013_glasgow_helicopter_crash
406888004989767680	2013_glasgow_helicopter_crash
406891398181691392	2013_glasgow_helicopter_crash
406895529575350272	2013_glasgow_helicopter_crash
406896473306329088	2013_glasgow_helicopter_crash
406901036704882688	2013_glasgow_helicopter_crash
406901728739868672	2013_glasgow_helicopter_crash
406903133852676096	2013_glasgow_helicopter_crash
406904740283703297	2013_glasgow_helicopter_crash
406906870973358081	2013_glasgow_helicopter_crash
406910188688785409	2013_glasgow_helicopter_crash
406910817809207297	2013_glasgow_helicopter_crash
406912763953692672	2013_glasgow_helicopter_crash
406915880338333696	2013_glasgow_helicopter_crash
406923308471689216	2013_glasgow_helicopter_crash
406923614651682816	2013_glasgow_helicopter_crash
406940907767083008	2013_glasgow_helicopter_crash
407055961702932480	2013_glasgow_helicopter_crash
407075427464015872	2013_glasgow_helicopter_crash
407077189067505665	2013_glasgow_helicopter_crash
407103466403037184	2013_glasgow_helicopter_crash
407104661762891776	2013_glasgow_helicopter_crash
407116292593033217	2013_glasgow_helicopter_crash
407129743721775104	2013_glasgow_helicopter_crash
407136106485141504	2013_glasgow_helicopter_crash
407143039669661696	2013_glasgow_helicopter_crash
407194965136375808	2013_glasgow_helicopter_crash
407207514510741504	2013_glasgow_helicopter_crash
407207933928558592	2013_glasgow_helicopter_crash
407247091959074816	2013_glasgow_helicopter_crash
407249134580928512	2013_glasgow_helicopter_crash
407304172237627392	2013_glasgow_helicopter_crash
407306604938543104	2013_glasgow_helicopter_crash
407314376967069696	2013_glasgow_helicopter_crash
407314536350244864	2013_glasgow_helicopter_crash
407550218469900288	2013_glasgow_helicopter_crash
407687942648233984	2013_glasgow_helicopter_crash
407688013938827264	2013_glasgow_helicopter_crash
407691193242251264	2013_glasgow_helicopter_crash
407852745249816576	2013_glasgow_helicopter_crash
407958735295107072	2013_glasgow_helicopter_crash
408188721561755648	2013_glasgow_helicopter_crash
408949333430902784	2013_glasgow_helicopter_crash
409101729267859456	2013_glasgow_helicopter_crash
409435876897591297	2013_glasgow_helicopter_crash
411350526358331392	2013_glasgow_helicopter_crash
411350601855811584	2013_glasgow_helicopter_crash
413130291163574273	2013_glasgow_helicopter_crash
396318379906039808	2013_la_airport_shootings
396319302619394049	2013_la_airport_shootings
396320472864129024	2013_la_airport_shootings
396322108625936384	2013_la_airport_shootings
396325174657552384	2013_la_airport_shootings
396325208203988992	2013_la_airport_shootings
396325774455627776	2013_la_airport_shootings
396325979951333378	2013_la_airport_shootings
396334091768832000	2013_la_airport_shootings
396334880260624384	2013_la_airport_shootings
396336012726525952	2013_la_airport_shootings
396336801255682049	2013_la_airport_shootings
396337875018473472	2013_la_airport_shootings
396338420286779392	2013_la_airport_shootings
396338453840801792	2013_la_airport_shootings
396338780996526080	2013_la_airport_shootings
396339045208707072	2013_la_airport_shootings
396339544343072768	2013_la_airport_shootings
396339603084283905	2013_la_airport_shootings
396339837940146176	2013_la_airport_shootings
396341201088942080	2013_la_airport_shootings
396341620519350273	2013_la_airport_shootings
396341729558679552	2013_la_airport_shootings
396341972832509952	2013_la_airport_shootings
396343180788236288	2013_la_airport_shootings
396345055675678720	2013_la_airport_shootings
396346188128976896	2013_la_airport_shootings
396348000068329472	2013_la_airport_shootings
396349753299963904	2013_la_airport_shootings
396352534106746880	2013_la_airport_shootings
396354371224498176	2013_la_airport_shootings
396358305452273664	2013_la_airport_shootings
396361048540086272	2013_la_airport_shootings
396361337934471168	2013_la_airport_shootings
396362436867284993	2013_la_airport_shootings
396362751423283200	2013_la_airport_shootings
396362998883024896	2013_la_airport_shootings
396365058285907968	2013_la_airport_shootings
396365502907686913	2013_la_airport_shootings
396368233386999808	2013_la_airport_shootings
396369776873717760	2013_la_airport_shootings
396370573795655680	2013_la_airport_shootings
396371513323945984	2013_la_airport_shootings
396372092146290688	2013_la_airport_shootings
396377234346631168	2013_la_airport_shootings
396377666368319489	2013_la_airport_shootings
396377850934460416	2013_la_airport_shootings
396378035458703360	2013_la_airport_shootings
396378610086731776	2013_la_airport_shootings
396378798842580992	2013_la_airport_shootings
396378849186824192	2013_la_airport_shootings
396380774368555008	2013_la_airport_shootings
396381814539182080	2013_la_airport_shootings
396383064441761792	2013_la_airport_shootings
396383349654450177	2013_la_airport_shootings
396384792495026176	2013_la_airport_shootings
396385182548500480	2013_la_airport_shootings
396385421628030976	2013_la_airport_shootings
396386549929365505	2013_la_airport_shootings
396387258728980480	2013_la_airport_shootings
396388072457129984	2013_la_airport_shootings
396392359027433473	2013_la_airport_shootings
396395622204723200	2013_la_airport_shootings
396396326835195904	2013_la_airport_shootings
396399992635547648	2013_la_airport_shootings
396401745863405568	2013_la_airport_shootings
396403369071628289	2013_la_airport_shootings
396404132422385665	2013_la_airport_shootings
396404283413102592	2013_la_airport_shootings
396404900008976384	2013_la_airport_shootings
396405822730682369	2013_la_airport_shootings
396425254945312768	2013_la_airport_shootings
396432607543427072	2013_la_airport_shootings
396439532343533568	2013_la_airport_shootings
396440492852150272	2013_la_airport_shootings
396447635764035584	2013_la_airport_shootings
396449586107002880	2013_la_airport_shootings
396461116240723968	2013_la_airport_shootings
396465973231759360	2013_la_airport_shootings
396466036154724353	2013_la_airport_shootings
396470486302855168	2013_la_airport_shootings
396476760990437376	2013_la_airport_shootings
396502774084407296	2013_la_airport_shootings
396515646399197184	2013_la_airport_shootings
396548659757596672	2013_la_airport_shootings
396579416580448257	2013_la_airport_shootings
396609032573947904	2013_la_airport_shootings
396638073926070272	2013_la_airport_shootings
396654012277092353	2013_la_airport_shootings
396656776319623168	2013_la_airport_shootings
396658248545095680	2013_la_airport_shootings
396658357588598784	2013_la_airport_shootings
396665974432497664	2013_la_airport_shootings
396676867039563777	2013_la_airport_shootings
396801362383486977	2013_la_airport_shootings
396840109372624896	2013_la_airport_shootings
396860019729129472	2013_la_airport_shootings
396860430775496704	2013_la_airport_shootings
396932363080318976	2013_la_airport_shootings
396977430885572608	2013_la_airport_shootings
397088340836491264	2013_la_airport_shootings
397127733752647680	2013_la_airport_shootings
397212064428470272	2013_la_airport_shootings
397372001628594176	2013_la_airport_shootings
397588683588513792	2013_la_airport_shootings
353503998415867904	2013_lac_megantic_train_crash
353544716698124288	2013_lac_megantic_train_crash
353568477430296577	2013_lac_megantic_train_crash
353574043267514368	2013_lac_megantic_train_crash
353575330931408896	2013_lac_megantic_train_crash
353575528059514881	2013_lac_megantic_train_crash
353582524166979584	2013_lac_megantic_train_crash
353597510398394369	2013_lac_megantic_train_crash
353620134482558976	2013_lac_megantic_train_crash
353723054314094593	2013_lac_megantic_train_crash
353780700815687680	2013_lac_megantic_train_crash
353848975687827457	2013_lac_megantic_train_crash
353899647107993603	2013_lac_megantic_train_crash
353918328512856065	2013_lac_megantic_train_crash
353979020108496897	2013_lac_megantic_train_crash
354003523236671488	2013_lac_megantic_train_crash
354024733836181504	2013_lac_megantic_train_crash
354031453077639171	2013_lac_megantic_train_crash
354039799763570688	2013_lac_megantic_train_crash
354040131105202176	2013_lac_megantic_train_crash
354063296262967296	2013_lac_megantic_train_crash
354072083300487171	2013_lac_megantic_train_crash
354096183792246785	2013_lac_megantic_train_crash
354202287096344577	2013_lac_megantic_train_crash
354277637755113473	2013_lac_megantic_train_crash
354339466023940096	2013_lac_megantic_train_crash
354347741356367875	2013_lac_megantic_train_crash
354348785767415808	2013_lac_megantic_train_crash
354352833262387201	2013_lac_megantic_train_crash
354622648636022785	2013_lac_megantic_train_crash
354655234179608576	2013_lac_megantic_train_crash
354796418654941184	2013_lac_megantic_train_crash
355041969979932672	2013_lac_megantic_train_crash
355051222606163968	2013_lac_megantic_train_crash
355092238721744896	2013_lac_megantic_train_crash
355131182842785793	2013_lac_megantic_train_crash
355216390132731904	2013_lac_megantic_train_crash
355541054419779586	2013_lac_megantic_train_crash
355634373464297472	2013_lac_megantic_train_crash
355814384620158976	2013_lac_megantic_train_crash
355814636282580992	2013_lac_megantic_train_crash
355815508697812992	2013_lac_megantic_train_crash
356232544154427393	2013_lac_megantic_train_crash
359692937233301504	2013_lac_megantic_train_crash
360247432610725888	2013_lac_megantic_train_crash
369037812986675200	2013_manila_floods
369078837469908992	2013_manila_floods
369115017536217090	2013_manila_floods
369123364213776384	2013_manila_floods
369125457158881280	2013_manila_floods
369280113734459392	2013_manila_floods
369320198681022465	2013_manila_floods
369328885080403969	2013_manila_floods
369350146007375872	2013_manila_floods
369357095994261504	2013_manila_floods
369378226889428992	2013_manila_floods
369378872795484161	2013_manila_floods
369387555000565760	2013_manila_floods
369406123188555776	2013_manila_floods
369423516988215297	2013_manila_floods
369429695198011392	2013_manila_floods
369437907654033409	2013_manila_floods
369439732167483392	2013_manila_floods
369464755368366083	2013_manila_floods
369482958656131072	2013_manila_floods
369601397425070081	2013_manila_floods
369607961510821888	2013_manila_floods
369614378774974465	2013_manila_floods
369614710137569280	2013_manila_floods
369616144585355266	2013_manila_floods
369616656290422786	2013_manila_floods
369617524515561472	2013_manila_floods
369619525177589760	2013_manila_floods
369625489477869568	2013_manila_floods
369627586625687553	2013_manila_floods
369627825713598464	2013_manila_floods
369630635884695552	2013_manila_floods
369632326197600256	2013_manila_floods
369633227993915392	2013_manila_floods
369633513189826560	2013_manila_floods
369634876355379200	2013_manila_floods
369640287003348992	2013_manila_floods
369641440449544192	2013_manila_floods
369650445616033792	2013_manila_floods
369658574147817472	2013_manila_floods
369661837341515776	2013_manila_floods
369662692966948865	2013_manila_floods
369663083058176001	2013_manila_floods
369663603143901184	2013_manila_floods
369665226339139585	2013_manila_floods
369665721237663744	2013_manila_floods
369667898081435649	2013_manila_floods
369668476899561472	2013_manila_floods
369669005386063872	2013_manila_floods
369669013804048386	2013_manila_floods
369673900155621378	2013_manila_floods
369687284183883776	2013_manila_floods
369691985994469376	2013_manila_floods
369693558837481473	2013_manila_floods
369695370789388288	2013_manila_floods
369699237920927744	2013_manila_floods
369706338894348289	2013_manila_floods
369708696076431360	2013_manila_floods
369716640088215552	2013_manila_floods
369722965123817472	2013_manila_floods
369728069600555008	2013_manila_floods
369729176892211200	2013_manila_floods
369742690943893505	2013_manila_floods
369761280095055872	2013_manila_floods
369769098273492992	2013_manila_floods
369791646843408384	2013_manila_floods
369812039536881664	2013_manila_floods
369826258248425473	2013_manila_floods
369840254640877569	2013_manila_floods
369846864855564289	2013_manila_floods
369859401630228481	2013_manila_floods
369869191123177472	2013_manila_floods
369880935195361280	2013_manila_floods
369881111351922688	2013_manila_floods
369899113317289984	2013_manila_floods
369984492569501697	2013_manila_floods
370016776106434560	2013_manila_floods
370023491195518976	2013_manila_floods
370075911585923072	2013_manila_floods
370081406145138689	2013_manila_floods
370088771351363584	2013_manila_floods
370091480842379264	2013_manila_floods
370097969434857472	2013_manila_floods
370107662504976384	2013_manila_floods
370146455601692672	2013_manila_floods
370212914361552896	2013_manila_floods
370332900798918656	2013_manila_floods
370486903084027904	2013_manila_floods
370487653830901760	2013_manila_floods
371176576676679681	2013_manila_floods
407132251882020865	2013_ny_train_crash
407132730070433792	2013_ny_train_crash
407132738450640896	2013_ny_train_crash
407133485040959488	2013_ny_train_crash
407134701355556865	2013_ny_train_crash
407136425222864896	2013_ny_train_crash
407137196966445056	2013_ny_train_crash
407137947767414784	2013_ny_train_crash
407138941825871872	2013_ny_train_crash
407139654861733888	2013_ny_train_crash
407140921512165376	2013_ny_train_crash
407142125290393600	2013_ny_train_crash
407144998376075264	2013_ny_train_crash
407148261578121216	2013_ny_train_crash
407148278342770689	2013_ny_train_crash
407148446110330881	2013_ny_train_crash
407148450305028098	2013_ny_train_crash
407149108814954496	2013_ny_train_crash
407149238837993473	2013_ny_train_crash
407149997986414592	2013_ny_train_crash
407150237057175553	2013_ny_train_crash
407150895583883264	2013_ny_train_crash
407151696704708608	2013_ny_train_crash
407151986090733568	2013_ny_train_crash
407152137081073664	2013_ny_train_crash
407152149664374784	2013_ny_train_crash
407152241934860288	2013_ny_train_crash
407152363569295360	2013_ny_train_crash
407152955000127489	2013_ny_train_crash
407153156297342976	2013_ny_train_crash
407153177268858880	2013_ny_train_crash
407156226536255488	2013_ny_train_crash
407156545323950081	2013_ny_train_crash
407157891699732480	2013_ny_train_crash
407157916861751296	2013_ny_train_crash
407158827004354560	2013_ny_train_crash
407160118854574080	2013_ny_train_crash
407160458601185281	2013_ny_train_crash
407160798323040256	2013_ny_train_crash
407160919958233088	2013_ny_train_crash
407161049998458880	2013_ny_train_crash
407161058395439104	2013_ny_train_crash
407161205170503680	2013_ny_train_crash
407161897260425216	2013_ny_train_crash
407162073383043073	2013_ny_train_crash
407162387994005504	2013_ny_train_crash
407162887091011584	2013_ny_train_crash
407163423978708992	2013_ny_train_crash
407163830809018368	2013_ny_train_crash
407164090881019904	2013_ny_train_crash
407164703241437184	2013_ny_train_crash
407164812276555777	2013_ny_train_crash
407164938114048001	2013_ny_train_crash
407166590669815808	2013_ny_train_crash
407166695527047168	2013_ny_train_crash
407166842319298561	2013_ny_train_crash
407166951367405568	2013_ny_train_crash
407167265969561600	2013_ny_train_crash
407167484052389888	2013_ny_train_crash
407167563731599360	2013_ny_train_crash
407167651845517314	2013_ny_train_crash
407168251613822976	2013_ny_train_crash
407168264188329984	2013_ny_train_crash
407168394203758592	2013_ny_train_crash
407169287624097792	2013_ny_train_crash
407169396663390209	2013_ny_train_crash
407170331980607488	2013_ny_train_crash
407170579461337089	2013_ny_train_crash
407170608813064192	2013_ny_train_crash
407171003056685056	2013_ny_train_crash
407171376353509376	2013_ny_train_crash
407171867083284480	2013_ny_train_crash
407172156528033792	2013_ny_train_crash
407172177499529216	2013_ny_train_crash
407173028939051008	2013_ny_train_crash
407173398016442368	2013_ny_train_crash
407173507064545280	2013_ny_train_crash
407173700006711297	2013_ny_train_crash
407174350123839488	2013_ny_train_crash
407175147050000384	2013_ny_train_crash
407175721652871168	2013_ny_train_crash
407175881040592896	2013_ny_train_crash
407176073999155200	2013_ny_train_crash
407177458124083200	2013_ny_train_crash
407177667809513473	2013_ny_train_crash
407178045296881665	2013_ny_train_crash
407178963875028992	2013_ny_train_crash
407179249057943552	2013_ny_train_crash
407179412673531905	2013_ny_train_crash
407182151541485568	2013_ny_train_crash
407182780661911552	2013_ny_train_crash
407183858623598592	2013_ny_train_crash
407183950893694976	2013_ny_train_crash
407184202569101312	2013_ny_train_crash
407184659727265793	2013_ny_train_crash
407185456665595905	2013_ny_train_crash
407185788011839489	2013_ny_train_crash
407185884476604416	2013_ny_train_crash
407187771921825792	2013_ny_train_crash
407188128437665793	2013_ny_train_crash
407188333920813056	2013_ny_train_crash
407188812079845376	2013_ny_train_crash
407189755798237184	2013_ny_train_crash
407190074573746176	2013_ny_train_crash
407190267515928577	2013_ny_train_crash
407190498206420992	2013_ny_train_crash
407191009920294912	2013_ny_train_crash
407191433544626176	2013_ny_train_crash
407191601300393984	2013_ny_train_crash
407191689388761088	2013_ny_train_crash
407192012329201664	2013_ny_train_crash
407194390499979264	2013_ny_train_crash
407196466693017601	2013_ny_train_crash
407199243343233024	2013_ny_train_crash
407199331390074880	2013_ny_train_crash
407199599825149952	2013_ny_train_crash
407201625703735296	2013_ny_train_crash
407202598782259200	2013_ny_train_crash
407203160814784512	2013_ny_train_crash
407204201010180096	2013_ny_train_crash
407206042310017025	2013_ny_train_crash
407206893720203264	2013_ny_train_crash
407207355093614593	2013_ny_train_crash
407208089100644352	2013_ny_train_crash
407208265253412864	2013_ny_train_crash
407208835678765056	2013_ny_train_crash
407209594847784960	2013_ny_train_crash
407213399110471680	2013_ny_train_crash
407215093584101376	2013_ny_train_crash
407215118758723584	2013_ny_train_crash
407216087667732480	2013_ny_train_crash
407216272196505600	2013_ny_train_crash
407216372872388609	2013_ny_train_crash
407218390324248576	2013_ny_train_crash
407219833156403200	2013_ny_train_crash
407220009308418049	2013_ny_train_crash
407220017697017856	2013_ny_train_crash
407231908553433088	2013_ny_train_crash
407237906416537600	2013_ny_train_crash
407239529620185088	2013_ny_train_crash
407240427184852993	2013_ny_train_crash
407241043747553280	2013_ny_train_crash
407241366721540096	2013_ny_train_crash
407259196690661377	2013_ny_train_crash
407260610179911680	2013_ny_train_crash
407274967298879488	2013_ny_train_crash
407279694250131456	2013_ny_train_crash
407282668045221888	2013_ny_train_crash
407291908088541184	2013_ny_train_crash
407299789190352896	2013_ny_train_crash
407302070887542784	2013_ny_train_crash
407304725894148097	2013_ny_train_crash
407304730059091968	2013_ny_train_crash
407304755250098177	2013_ny_train_crash
407319389147394048	2013_ny_train_crash
407322450985119744	2013_ny_train_crash
407322807534510080	2013_ny_train_crash
407322841093120000	2013_ny_train_crash
407322983699451904	2013_ny_train_crash
407324309095342080	2013_ny_train_crash
407327949730226176	2013_ny_train_crash
407343426737168384	2013_ny_train_crash
407349407776903168	2013_ny_train_crash
407349424579309569	2013_ny_train_crash
407353010721783808	2013_ny_train_crash
407354965250699264	2013_ny_train_crash
407357632836411392	2013_ny_train_crash
407365019001954304	2013_ny_train_crash
407369624359956480	2013_ny_train_crash
407381284491907072	2013_ny_train_crash
407387575951716352	2013_ny_train_crash
407389832479272960	2013_ny_train_crash
407408887222923264	2013_ny_train_crash
407414159450443777	2013_ny_train_crash
407424058008305664	2013_ny_train_crash
407425526039461888	2013_ny_train_crash
407435214856519680	2013_ny_train_crash
407441007202951168	2013_ny_train_crash
407444522038489088	2013_ny_train_crash
407462310085951488	2013_ny_train_crash
407468203082645504	2013_ny_train_crash
407468236616122368	2013_ny_train_crash
407471751459655680	2013_ny_train_crash
407471881454104576	2013_ny_train_crash
407475773776203776	2013_ny_train_crash
407476289692377088	2013_ny_train_crash
407476780426342401	2013_ny_train_crash
407478693012180992	2013_ny_train_crash
407482090410606593	2013_ny_train_crash
407482593731301377	2013_ny_train_crash
407483206112272384	2013_ny_train_crash
407492223828119552	2013_ny_train_crash
407493847040552960	2013_ny_train_crash
407506845188640768	2013_ny_train_crash
407509013656383488	2013_ny_train_crash
407513811940171777	2013_ny_train_crash
407517188329717760	2013_ny_train_crash
407520002737053696	2013_ny_train_crash
407520954810519552	2013_ny_train_crash
407521349109047296	2013_ny_train_crash
407533541929390081	2013_ny_train_crash
407569394832011264	2013_ny_train_crash
407578324530388993	2013_ny_train_crash
407619068003622913	2013_ny_train_crash
407619218973409280	2013_ny_train_crash
407619353182363648	2013_ny_train_crash
407620338881933314	2013_ny_train_crash
407621286777462784	2013_ny_train_crash
407621567779446784	2013_ny_train_crash
407622603806101505	2013_ny_train_crash
407625174914457600	2013_ny_train_crash
407625380401778688	2013_ny_train_crash
407627448206245888	2013_ny_train_crash
407629029450465280	2013_ny_train_crash
407637296427831297	2013_ny_train_crash
407651385082003456	2013_ny_train_crash
407667403154522112	2013_ny_train_crash
407682041258717184	2013_ny_train_crash
407692212475277312	2013_ny_train_crash
407700286480711680	2013_ny_train_crash
407741243855478785	2013_ny_train_crash
407748994962436096	2013_ny_train_crash
407792141767700481	2013_ny_train_crash
407792150156308480	2013_ny_train_crash
407805676778319872	2013_ny_train_crash
407840028132274176	2013_ny_train_crash
407840099410264064	2013_ny_train_crash
407840149758701568	2013_ny_train_crash
407840200065167360	2013_ny_train_crash
407856478171586560	2013_ny_train_crash
407856490741919744	2013_ny_train_crash
407856767565959169	2013_ny_train_crash
407862589260312576	2013_ny_train_crash
407880909979799552	2013_ny_train_crash
407943279318020096	2013_ny_train_crash
407958395568672768	2013_ny_train_crash
408007015961993217	2013_ny_train_crash
408021486298222592	2013_ny_train_crash
408024942383734784	2013_ny_train_crash
408105376584699904	2013_ny_train_crash
408127363088527361	2013_ny_train_crash
408127367299608576	2013_ny_train_crash
408127371489730560	2013_ny_train_crash
408212549432516608	2013_ny_train_crash
408272481829396480	2013_ny_train_crash
408310700319453184	2013_ny_train_crash
408325883728916480	2013_ny_train_crash
408326458315001857	2013_ny_train_crash
408326907139084288	2013_ny_train_crash
408327653704208384	2013_ny_train_crash
408346167353688065	2013_ny_train_crash
408769448124760064	2013_ny_train_crash
408894681657774080	2013_ny_train_crash
408928483545722880	2013_ny_train_crash
409103109223247872	2013_ny_train_crash
409152249693077505	2013_ny_train_crash
409224060376068096	2013_ny_train_crash
409269711143051264	2013_ny_train_crash
409425382740226048	2013_ny_train_crash
409553241932709888	2013_ny_train_crash
409656392450994176	2013_ny_train_crash
409668539151175680	2013_ny_train_crash
409668782424997888	2013_ny_train_crash
409731969614741504	2013_ny_train_crash
409732204466417664	2013_ny_train_crash
293905736172457984	2013_queensland_floods
294405693010755584	2013_queensland_floods
294720815243612160	2013_queensland_floods
295247812780773376	2013_queensland_floods
295281723711840256	2013_queensland_floods
295312010797776896	2013_queensland_floods
295312237269237761	2013_queensland_floods
295347096125591552	2013_queensland_floods
295348610273513472	2013_queensland_floods
295370030609211392	2013_queensland_floods
295372807242665984	2013_queensland_floods
295379857859305473	2013_queensland_floods
295402305753333760	2013_queensland_floods
295409385772044288	2013_queensland_floods
295421918352404481	2013_queensland_floods
295432240534532096	2013_queensland_floods
295435986048016384	2013_queensland_floods
295449281991671808	2013_queensland_floods
295456835916398593	2013_queensland_floods
295481058013634560	2013_queensland_floods
295489895407960064	2013_queensland_floods
295493850661781504	2013_queensland_floods
295503497544228865	2013_queensland_floods
295666727273000961	2013_queensland_floods
295691494629711872	2013_queensland_floods
295691591094509569	2013_queensland_floods
295691662431232000	2013_queensland_floods
295695496020889600	2013_queensland_floods
295710675194499072	2013_queensland_floods
295793122632421376	2013_queensland_floods
295794259292995585	2013_queensland_floods
295798990438551552	2013_queensland_floods
295799426658758656	2013_queensland_floods
295805172846821377	2013_queensland_floods
295822101061971968	2013_queensland_floods
295884822675599360	2013_queensland_floods
296056499749408768	2013_queensland_floods
296084047942279170	2013_queensland_floods
296084152812457984	2013_queensland_floods
296118856487936000	2013_queensland_floods
296138406134697984	2013_queensland_floods
296141530878595072	2013_queensland_floods
296145754542718976	2013_queensland_floods
296199919776178176	2013_queensland_floods
296205569495281664	2013_queensland_floods
296208207737671680	2013_queensland_floods
296229946794340352	2013_queensland_floods
296237152633757696	2013_queensland_floods
296237261685673984	2013_queensland_floods
296237634982928384	2013_queensland_floods
296258514194661376	2013_queensland_floods
296264461730316288	2013_queensland_floods
296298095862505472	2013_queensland_floods
296337602024460288	2013_queensland_floods
296383793877639168	2013_queensland_floods
296473400967327744	2013_queensland_floods
296522960884350976	2013_queensland_floods
296795217355472896	2013_queensland_floods
297151141790244865	2013_queensland_floods
297159652037251072	2013_queensland_floods
302298035164151808	2013_russia_meteor
302298156798967808	2013_russia_meteor
302303248671457280	2013_russia_meteor
302303315771916289	2013_russia_meteor
302310978773741568	2013_russia_meteor
302315600875769856	2013_russia_meteor
302321728762294272	2013_russia_meteor
302322269819109376	2013_russia_meteor
302323565863260160	2013_russia_meteor
302326728389431296	2013_russia_meteor
302333338591576064	2013_russia_meteor
302335783883403264	2013_russia_meteor
302337633584021504	2013_russia_meteor
302341714612457472	2013_russia_meteor
302342536717017088	2013_russia_meteor
302344134738456576	2013_russia_meteor
302347372745330688	2013_russia_meteor
302354041692905472	2013_russia_meteor
302358080782491648	2013_russia_meteor
302359972447150081	2013_russia_meteor
302365039170564097	2013_russia_meteor
302368193257816064	2013_russia_meteor
302369187316236288	2013_russia_meteor
302370307187036161	2013_russia_meteor
302370353324384256	2013_russia_meteor
302370600809275392	2013_russia_meteor
302370906993475584	2013_russia_meteor
302371049591410690	2013_russia_meteor
302371938783866880	2013_russia_meteor
302373230616903681	2013_russia_meteor
302373683605942273	2013_russia_meteor
302374413435805696	2013_russia_meteor
302375302603100161	2013_russia_meteor
302378205090811905	2013_russia_meteor
302378934895517696	2013_russia_meteor
302380390319026176	2013_russia_meteor
302386753078177792	2013_russia_meteor
302386891494400000	2013_russia_meteor
302391450686062592	2013_russia_meteor
302391710711959552	2013_russia_meteor
302396169257107457	2013_russia_meteor
302399738647572480	2013_russia_meteor
302400992706711552	2013_russia_meteor
302401454117904385	2013_russia_meteor
302405233164832769	2013_russia_meteor
302405522555019266	2013_russia_meteor
302405577114521600	2013_russia_meteor
302405795201564675	2013_russia_meteor
302406218830454784	2013_russia_meteor
302406357259259905	2013_russia_meteor
302406428533063681	2013_russia_meteor
302407439372926976	2013_russia_meteor
302408567619739648	2013_russia_meteor
302409003835731968	2013_russia_meteor
302410983572381696	2013_russia_meteor
302412782920409088	2013_russia_meteor
302414989107535873	2013_russia_meteor
302416255804133376	2013_russia_meteor
302418067735052289	2013_russia_meteor
302419976155975682	2013_russia_meteor
302423209955958784	2013_russia_meteor
302425202254561281	2013_russia_meteor
302425386791350273	2013_russia_meteor
302425541993168899	2013_russia_meteor
302425848181583872	2013_russia_meteor
302426569601847296	2013_russia_meteor
302428624806608896	2013_russia_meteor
302429534983176192	2013_russia_meteor
302431745347842048	2013_russia_meteor
302434937208991745	2013_russia_meteor
302435797058076672	2013_russia_meteor
302437822911086592	2013_russia_meteor
302438372356530178	2013_russia_meteor
302438586282807297	2013_russia_meteor
302439504831197186	2013_russia_meteor
302439928430723073	2013_russia_meteor
302447192982040577	2013_russia_meteor
302448455480119296	2013_russia_meteor
302449025880293377	2013_russia_meteor
302449533399490560	2013_russia_meteor
302450099626311681	2013_russia_meteor
302450422583537665	2013_russia_meteor
302450472944545792	2013_russia_meteor
302451185955254272	2013_russia_meteor
302451261448548352	2013_russia_meteor
302458131747852288	2013_russia_meteor
302459884958519296	2013_russia_meteor
302462804202516480	2013_russia_meteor
302463643063300097	2013_russia_meteor
302466683933696001	2013_russia_meteor
302467111731748864	2013_russia_meteor
302467430498856961	2013_russia_meteor
302468290322784256	2013_russia_meteor
302468927856996353	2013_russia_meteor
302469691220299776	2013_russia_meteor
302470014177529856	2013_russia_meteor
302470366524219393	2013_russia_meteor
302472912441597952	2013_russia_meteor
302472950186127362	2013_russia_meteor
302473587720347648	2013_russia_meteor
302473935868551168	2013_russia_meteor
302474539827335169	2013_russia_meteor
302475072520728577	2013_russia_meteor
302480613213089792	2013_russia_meteor
302480671933345792	2013_russia_meteor
302481833747177472	2013_russia_meteor
302485075935760384	2013_russia_meteor
302492940272533504	2013_russia_meteor
302494576017563648	2013_russia_meteor
302499202368430080	2013_russia_meteor
302504277446885376	2013_russia_meteor
302505942585593856	2013_russia_meteor
302506831803191296	2013_russia_meteor
302513165172871168	2013_russia_meteor
302513374904864768	2013_russia_meteor
302513689469263872	2013_russia_meteor
302515740513280001	2013_russia_meteor
302521985819348992	2013_russia_meteor
302529384584204288	2013_russia_meteor
302530500231327744	2013_russia_meteor
302534400934031360	2013_russia_meteor
302534912639115264	2013_russia_meteor
302535713772150784	2013_russia_meteor
302550595175321600	2013_russia_meteor
302551475958185985	2013_russia_meteor
302571411510272000	2013_russia_meteor
302583746941558785	2013_russia_meteor
302598468931829760	2013_russia_meteor
302612045914841089	2013_russia_meteor
302635760488706049	2013_russia_meteor
302660003586777088	2013_russia_meteor
302701967594115072	2013_russia_meteor
302722708410605568	2013_russia_meteor
302740991398514688	2013_russia_meteor
302748843131404288	2013_russia_meteor
302753389773717504	2013_russia_meteor
302755147191304193	2013_russia_meteor
302766731842174977	2013_russia_meteor
302769005171716096	2013_russia_meteor
302777934819753984	2013_russia_meteor
302799078302048256	2013_russia_meteor
302859094589579264	2013_russia_meteor
302865646100824064	2013_russia_meteor
302874076668645376	2013_russia_meteor
302924391526834177	2013_russia_meteor
302933346386857985	2013_russia_meteor
302939449065623552	2013_russia_meteor
303107850404757504	2013_russia_meteor
303110354408443904	2013_russia_meteor
303150472926224384	2013_russia_meteor
303168579719802880	2013_russia_meteor
303169733149208577	2013_russia_meteor
303179786879115264	2013_russia_meteor
303218202522042368	2013_russia_meteor
303218210919038976	2013_russia_meteor
303218248676147200	2013_russia_meteor
303218429031231489	2013_russia_meteor
303218856820871168	2013_russia_meteor
303220358406868993	2013_russia_meteor
303221104967815168	2013_russia_meteor
303221276938485762	2013_russia_meteor
303221700584173569	2013_russia_meteor
303222120014573568	2013_russia_meteor
303222405210456064	2013_russia_meteor
303223906767106048	2013_russia_meteor
303224179422003200	2013_russia_meteor
303224208756994052	2013_russia_meteor
303224355586994176	2013_russia_meteor
303224389116231680	2013_russia_meteor
303224661758586880	2013_russia_meteor
303225353810354177	2013_russia_meteor
303225781650337792	2013_russia_meteor
303225932632690689	2013_russia_meteor
303226125566496768	2013_russia_meteor
303226616295866370	2013_russia_meteor
303226784059629568	2013_russia_meteor
303227165770657792	2013_russia_meteor
303227312567095296	2013_russia_meteor
303228273050140672	2013_russia_meteor
303228277231845378	2013_russia_meteor
303229028045824000	2013_russia_meteor
303229476819582976	2013_russia_meteor
303229506196484096	2013_russia_meteor
303229799780995072	2013_russia_meteor
303230336630919168	2013_russia_meteor
303230366012035072	2013_russia_meteor
303230496022855680	2013_russia_meteor
303230567346999296	2013_russia_meteor
303231326495047680	2013_russia_meteor
303231389418012672	2013_russia_meteor
303231808831631360	2013_russia_meteor
303231943049347073	2013_russia_meteor
303232245056036865	2013_russia_meteor
303232266010779649	2013_russia_meteor
303232840651403264	2013_russia_meteor
303232962294583296	2013_russia_meteor
303233041969602560	2013_russia_meteor
303233088119521280	2013_russia_meteor
303233356538187778	2013_russia_meteor
303234174456844288	2013_russia_meteor
303234438660239360	2013_russia_meteor
303234912616583168	2013_russia_meteor
303235529183490049	2013_russia_meteor
303236116381847552	2013_russia_meteor
303236347089547264	2013_russia_meteor
303236443571093504	2013_russia_meteor
303236586164846592	2013_russia_meteor
303264641855918082	2013_russia_meteor
303268873933824000	2013_russia_meteor
303474189275389952	2013_russia_meteor
303476282249838593	2013_russia_meteor
303901047783583744	2013_russia_meteor
303901177827958784	2013_russia_meteor
304200630157844480	2013_russia_meteor
304212068045832192	2013_russia_meteor
304292263129915392	2013_russia_meteor
305386703835779073	2013_russia_meteor
305915215516667904	2013_russia_meteor
306479722659983360	2013_russia_meteor
306668256633163776	2013_russia_meteor
306771222597873664	2013_russia_meteor
308001814618443777	2013_russia_meteor
402504831472259072	2013_sardinia_floods
402547936359624704	2013_sardinia_floods
402548603262337024	2013_sardinia_floods
402564197646864384	2013_sardinia_floods
402564835185283072	2013_sardinia_floods
402565531451940864	2013_sardinia_floods
402568937222987777	2013_sardinia_floods
402569780273885184	2013_sardinia_floods
402572405920772096	2013_sardinia_floods
402573844571246592	2013_sardinia_floods
402584619742416896	2013_sardinia_floods
402586666566971392	2013_sardinia_floods
402586914026688512	2013_sardinia_floods
402586985338265600	2013_sardinia_floods
402588637868867584	2013_sardinia_floods
402589329941598208	2013_sardinia_floods
402592257574191104	2013_sardinia_floods
402595273270382592	2013_sardinia_floods
402631549788508161	2013_sardinia_floods
402650369647710208	2013_sardinia_floods
402669025924489216	2013_sardinia_floods
402683978605670400	2013_sardinia_floods
402686969152405505	2013_sardinia_floods
402691465437913088	2013_sardinia_floods
402693008954765312	2013_sardinia_floods
402696012047065088	2013_sardinia_floods
402697161290567680	2013_sardinia_floods
402700692919689216	2013_sardinia_floods
402703398233206784	2013_sardinia_floods
402706246178185216	2013_sardinia_floods
402710998291075072	2013_sardinia_floods
402712898327552000	2013_sardinia_floods
402715259716521984	2013_sardinia_floods
402716144726851584	2013_sardinia_floods
402716333445763072	2013_sardinia_floods
402716627063824384	2013_sardinia_floods
402718019589120000	2013_sardinia_floods
402718053127172097	2013_sardinia_floods
402724390703726592	2013_sardinia_floods
402724935975862272	2013_sardinia_floods
402728274637647872	2013_sardinia_floods
402736805856174080	2013_sardinia_floods
402738294838263808	2013_sardinia_floods
402738462623006720	2013_sardinia_floods
402739095958720512	2013_sardinia_floods
402742975693742080	2013_sardinia_floods
402751213310984192	2013_sardinia_floods
402755592147988480	2013_sardinia_floods
402758511383543808	2013_sardinia_floods
402759950033641472	2013_sardinia_floods
402760046515204096	2013_sardinia_floods
402761514484269056	2013_sardinia_floods
402761862632452096	2013_sardinia_floods
402763963970363392	2013_sardinia_floods
402765692027817984	2013_sardinia_floods
402775305380581377	2013_sardinia_floods
402775464751529984	2013_sardinia_floods
402775552848715776	2013_sardinia_floods
402775582200459264	2013_sardinia_floods
402775645102436353	2013_sardinia_floods
402778899886911488	2013_sardinia_floods
402780246271066113	2013_sardinia_floods
402781429077409792	2013_sardinia_floods
402781823341965312	2013_sardinia_floods
402788521615708162	2013_sardinia_floods
402790237115785216	2013_sardinia_floods
402793244394016768	2013_sardinia_floods
402805269471956992	2013_sardinia_floods
402818670277431296	2013_sardinia_floods
402830624069001216	2013_sardinia_floods
402837989245845504	2013_sardinia_floods
402842447782637568	2013_sardinia_floods
402844427485720576	2013_sardinia_floods
402847791346876416	2013_sardinia_floods
402854774871449600	2013_sardinia_floods
402855106221445120	2013_sardinia_floods
402880745997623296	2013_sardinia_floods
402897896502464512	2013_sardinia_floods
402899955880566785	2013_sardinia_floods
402901734265483264	2013_sardinia_floods
402904104051441665	2013_sardinia_floods
403056722207449088	2013_sardinia_floods
403091224548368384	2013_sardinia_floods
403104788939689984	2013_sardinia_floods
403124443431862272	2013_sardinia_floods
403139102524329984	2013_sardinia_floods
403143531696750592	2013_sardinia_floods
403168756266192896	2013_sardinia_floods
403182513579118592	2013_sardinia_floods
403184887559360512	2013_sardinia_floods
403193536193261568	2013_sardinia_floods
403205678711308288	2013_sardinia_floods
403227652682964992	2013_sardinia_floods
403272410088341504	2013_sardinia_floods
403281364927389696	2013_sardinia_floods
403288751100928000	2013_sardinia_floods
403301581481074688	2013_sardinia_floods
403468653204889600	2013_sardinia_floods
403579529610158080	2013_sardinia_floods
403594771710902273	2013_sardinia_floods
403611553142169601	2013_sardinia_floods
403612220036481024	2013_sardinia_floods
403637167748296704	2013_sardinia_floods
403694344508809217	2013_sardinia_floods
403817749321121792	2013_sardinia_floods
403905242481164289	2013_sardinia_floods
403936087414169600	2013_sardinia_floods
403995264849305600	2013_sardinia_floods
403999916311445505	2013_sardinia_floods
404005486342975488	2013_sardinia_floods
404062503707369473	2013_sardinia_floods
404244301645119488	2013_sardinia_floods
404252639892094976	2013_sardinia_floods
404267139626188800	2013_sardinia_floods
404304565371420673	2013_sardinia_floods
404313801253994496	2013_sardinia_floods
404735664329351168	2013_sardinia_floods
404738067661328384	2013_sardinia_floods
404740324201103360	2013_sardinia_floods
405008801629495296	2013_sardinia_floods
405100434567593984	2013_sardinia_floods
405270614279479296	2013_sardinia_floods
405354890408763392	2013_sardinia_floods
326967542943977472	2013_savar_building_collapse
327040876167692288	2013_savar_building_collapse
327056864846163969	2013_savar_building_collapse
327188146578145281	2013_savar_building_collapse
327225710747975680	2013_savar_building_collapse
327266076721299456	2013_savar_building_collapse
327282409366237184	2013_savar_building_collapse
327286549131702273	2013_savar_building_collapse
327458125546389505	2013_savar_building_collapse
327476089754619904	2013_savar_building_collapse
327483387805831168	2013_savar_building_collapse
327526782087606272	2013_savar_building_collapse
327565134799175680	2013_savar_building_collapse
327566460216020992	2013_savar_building_collapse
327621778887307265	2013_savar_building_collapse
327621896315228160	2013_savar_building_collapse
327622097633415168	2013_savar_building_collapse
327653441667211264	2013_savar_building_collapse
327679282811908096	2013_savar_building_collapse
327686396317949952	2013_savar_building_collapse
327709628601356289	2013_savar_building_collapse
327763529568493569	2013_savar_building_collapse
328054693962080257	2013_savar_building_collapse
328067591472029696	2013_savar_building_collapse
328157555090141184	2013_savar_building_collapse
328208813675122688	2013_savar_building_collapse
328387394539778048	2013_savar_building_collapse
328389508502544384	2013_savar_building_collapse
328453429691310080	2013_savar_building_collapse
328508278596321280	2013_savar_building_collapse
328561512681701376	2013_savar_building_collapse
328572069757472769	2013_savar_building_collapse
328595020984745984	2013_savar_building_collapse
328685970260127744	2013_savar_building_collapse
328711865892999169	2013_savar_building_collapse
328722305528242177	2013_savar_building_collapse
328745948845072384	2013_savar_building_collapse
328749992149913600	2013_savar_building_collapse
328750017290575872	2013_savar_building_collapse
328756757541306368	2013_savar_building_collapse
328756824645971968	2013_savar_building_collapse
328760884744818689	2013_savar_building_collapse
328761052496023552	2013_savar_building_collapse
328827561591316481	2013_savar_building_collapse
328857034948747265	2013_savar_building_collapse
329000387870855169	2013_savar_building_collapse
329069799411957760	2013_savar_building_collapse
329240306262360064	2013_savar_building_collapse
329516803183243265	2013_savar_building_collapse
329904973418754049	2013_savar_building_collapse
330159668364197888	2013_savar_building_collapse
330225892200706048	2013_savar_building_collapse
330231332217171969	2013_savar_building_collapse
330251154493681664	2013_savar_building_collapse
330628495053058049	2013_savar_building_collapse
331023380415410176	2013_savar_building_collapse
331034776330969088	2013_savar_building_collapse
331042166669451264	2013_savar_building_collapse
331045878649479168	2013_savar_building_collapse
331049389281902593	2013_savar_building_collapse
331320815255687168	2013_savar_building_collapse
331328855774208000	2013_savar_building_collapse
331333997965762561	2013_savar_building_collapse
331338938864250880	2013_savar_building_collapse
331351387550142464	2013_savar_building_collapse
331406794293383168	2013_savar_building_collapse
331428902499127296	2013_savar_building_collapse
331444127831031809	2013_savar_building_collapse
331482560205053952	2013_savar_building_collapse
331501573006057472	2013_savar_building_collapse
331530211722162176	2013_savar_building_collapse
331651510989627393	2013_savar_building_collapse
331687116436295680	2013_savar_building_collapse
331761087152263168	2013_savar_building_collapse
331809506201853952	2013_savar_building_collapse
331868541047422978	2013_savar_building_collapse
331994546340769793	2013_savar_building_collapse
332023088554319872	2013_savar_building_collapse
332031414243569664	2013_savar_building_collapse
332084530934595584	2013_savar_building_collapse
332093028581904385	2013_savar_building_collapse
332122824938491905	2013_savar_building_collapse
332162893099442178	2013_savar_building_collapse
332321089659224064	2013_savar_building_collapse
332345613779881984	2013_savar_building_collapse
332362084782317568	2013_savar_building_collapse
332474563445272578	2013_savar_building_collapse
332475565879721985	2013_savar_building_collapse
332638120346521601	2013_savar_building_collapse
332638304883322882	2013_savar_building_collapse
332672190682116096	2013_savar_building_collapse
332692021343027200	2013_savar_building_collapse
332694235914567680	2013_savar_building_collapse
332715643654782976	2013_savar_building_collapse
332745981059801088	2013_savar_building_collapse
332751777583734785	2013_savar_building_collapse
332791472472604672	2013_savar_building_collapse
332798871216455680	2013_savar_building_collapse
332817938514067457	2013_savar_building_collapse
332818500580159490	2013_savar_building_collapse
332823458251681792	2013_savar_building_collapse
332872460305305603	2013_savar_building_collapse
333010092180004866	2013_savar_building_collapse
333347603628572673	2013_savar_building_collapse
333919706698358784	2013_savar_building_collapse
333937658298515456	2013_savar_building_collapse
334489393836470272	2013_savar_building_collapse
335162726445891584	2013_savar_building_collapse
336872635105435648	2013_savar_building_collapse
337544097046872064	2013_savar_building_collapse
346545467699642369	2013_singapore_haze
346549875938312192	2013_singapore_haze
346581236724150272	2013_singapore_haze
346586672558899200	2013_singapore_haze
346604326380249088	2013_singapore_haze
346605886652952576	2013_singapore_haze
346609334391808000	2013_singapore_haze
346610517177143296	2013_singapore_haze
346614958936694784	2013_singapore_haze
346617601327243264	2013_singapore_haze
346617781699096576	2013_singapore_haze
346618532492095488	2013_singapore_haze
346620558324154368	2013_singapore_haze
346629450248622080	2013_singapore_haze
346631086035570688	2013_singapore_haze
346632394675200001	2013_singapore_haze
346637171974881281	2013_singapore_haze
346639566922461184	2013_singapore_haze
346657279472439296	2013_singapore_haze
346657631802368000	2013_singapore_haze
346665575776395264	2013_singapore_haze
346672001475293185	2013_singapore_haze
346685062521159680	2013_singapore_haze
346691488194899971	2013_singapore_haze
346819905229819906	2013_singapore_haze
346934657188773888	2013_singapore_haze
346959017681235968	2013_singapore_haze
346967439847866368	2013_singapore_haze
346977149649039361	2013_singapore_haze
347014176998297600	2013_singapore_haze
347173833171677188	2013_singapore_haze
347179902304387072	2013_singapore_haze
347209107276709889	2013_singapore_haze
347215218348269571	2013_singapore_haze
347235804025856002	2013_singapore_haze
347239100715249665	2013_singapore_haze
347250815435685888	2013_singapore_haze
347258079970205696	2013_singapore_haze
347293488288759809	2013_singapore_haze
347294943687081984	2013_singapore_haze
347326539395903488	2013_singapore_haze
347328359698661376	2013_singapore_haze
347328959513501698	2013_singapore_haze
347332411421503488	2013_singapore_haze
347332671455768576	2013_singapore_haze
347333879427895296	2013_singapore_haze
347334001062715393	2013_singapore_haze
347339441045647360	2013_singapore_haze
347339482992877568	2013_singapore_haze
347339961160318977	2013_singapore_haze
347340007276691457	2013_singapore_haze
347340128932487168	2013_singapore_haze
347340573507719169	2013_singapore_haze
347340829360267264	2013_singapore_haze
347341110416384000	2013_singapore_haze
347341219451510785	2013_singapore_haze
347341848592916481	2013_singapore_haze
347342112842457089	2013_singapore_haze
347343220121931777	2013_singapore_haze
347343283053285377	2013_singapore_haze
347345011085557761	2013_singapore_haze
347355639460265985	2013_singapore_haze
347362635546759168	2013_singapore_haze
347367341555851265	2013_singapore_haze
347367354147155968	2013_singapore_haze
347367702286966784	2013_singapore_haze
347367761024004096	2013_singapore_haze
347367844884918272	2013_singapore_haze
347367949759299584	2013_singapore_haze
347368121721556992	2013_singapore_haze
347368302064041984	2013_singapore_haze
347368381760016386	2013_singapore_haze
347368616624271361	2013_singapore_haze
347368809600004096	2013_singapore_haze
347368864113364992	2013_singapore_haze
347368973165268992	2013_singapore_haze
347369132557221888	2013_singapore_haze
347369623265607681	2013_singapore_haze
347369753297428481	2013_singapore_haze
347370084664225792	2013_singapore_haze
347370109796491265	2013_singapore_haze
347370151760506881	2013_singapore_haze
347370705425399808	2013_singapore_haze
347370881565196288	2013_singapore_haze
347371267436982272	2013_singapore_haze
347371326144651266	2013_singapore_haze
347372190175477761	2013_singapore_haze
347372467012124673	2013_singapore_haze
347372504769249283	2013_singapore_haze
347373574329335810	2013_singapore_haze
347376174797828098	2013_singapore_haze
347378582324125696	2013_singapore_haze
347378779431243776	2013_singapore_haze
347379106595348482	2013_singapore_haze
347379186303897602	2013_singapore_haze
347379433751056385	2013_singapore_haze
347379505062617088	2013_singapore_haze
347379534426943488	2013_singapore_haze
347379756720865281	2013_singapore_haze
347381119852871680	2013_singapore_haze
347381707072208896	2013_singapore_haze
347381983900479488	2013_singapore_haze
347382805954695169	2013_singapore_haze
347383615467954176	2013_singapore_haze
347385079280058368	2013_singapore_haze
347390661898674177	2013_singapore_haze
347393954452475904	2013_singapore_haze
347400141013139456	2013_singapore_haze
347403169309003776	2013_singapore_haze
347540369182961665	2013_singapore_haze
347559050638143488	2013_singapore_haze
347563496608772096	2013_singapore_haze
347577945981853697	2013_singapore_haze
347582329021140992	2013_singapore_haze
347582706487537664	2013_singapore_haze
347582723260555264	2013_singapore_haze
347583901864181760	2013_singapore_haze
347584971415879680	2013_singapore_haze
347593443939336192	2013_singapore_haze
347606853091471360	2013_singapore_haze
347611454276501505	2013_singapore_haze
347616688746930176	2013_singapore_haze
347651404996935680	2013_singapore_haze
347652478751346688	2013_singapore_haze
347664415736340480	2013_singapore_haze
347686435819749376	2013_singapore_haze
347702495839129600	2013_singapore_haze
347715359769497600	2013_singapore_haze
347738730427187201	2013_singapore_haze
347764651230113792	2013_singapore_haze
347772104499933184	2013_singapore_haze
347776974065893377	2013_singapore_haze
347854874882490369	2013_singapore_haze
347913620308508673	2013_singapore_haze
347916518568361987	2013_singapore_haze
347916900241645569	2013_singapore_haze
347919853031669760	2013_singapore_haze
347922382226325506	2013_singapore_haze
347927906112122880	2013_singapore_haze
347929629983649793	2013_singapore_haze
347933006364807169	2013_singapore_haze
347936764469583872	2013_singapore_haze
347946382038007808	2013_singapore_haze
347955345248890880	2013_singapore_haze
347977247883403264	2013_singapore_haze
348009107824979968	2013_singapore_haze
348080276779433985	2013_singapore_haze
348096898822975489	2013_singapore_haze
348276373074350080	2013_singapore_haze
348286804320985089	2013_singapore_haze
348298787447517184	2013_singapore_haze
348300301570281473	2013_singapore_haze
348313815626158080	2013_singapore_haze
348344304047108096	2013_singapore_haze
348376625332756480	2013_singapore_haze
348380379255812096	2013_singapore_haze
348385320145928192	2013_singapore_haze
348396535685459968	2013_singapore_haze
348414147559563264	2013_singapore_haze
348646772064792577	2013_singapore_haze
349104316122017793	2013_singapore_haze
349105171726471168	2013_singapore_haze
349161757094313985	2013_singapore_haze
349197492589559809	2013_singapore_haze
349428955255812096	2013_singapore_haze
349431069164048387	2013_singapore_haze
349431245324820480	2013_singapore_haze
349438384038617089	2013_singapore_haze
349445413692129280	2013_singapore_haze
350162228634333184	2013_singapore_haze
352460577202905089	2013_singapore_haze
360122601735073793	2013_spain_train_crash
360127785869639681	2013_spain_train_crash
360127806836969473	2013_spain_train_crash
360133615952203776	2013_spain_train_crash
360137147577155584	2013_spain_train_crash
360137864794742785	2013_spain_train_crash
360137961276313601	2013_spain_train_crash
360138716238450688	2013_spain_train_crash
360139441844654080	2013_spain_train_crash
360140880503902208	2013_spain_train_crash
360141627089625088	2013_spain_train_crash
360144072381444096	2013_spain_train_crash
360144848310910976	2013_spain_train_crash
360145372590514178	2013_spain_train_crash
360146664452931586	2013_spain_train_crash
360148505756569600	2013_spain_train_crash
360149621420462080	2013_spain_train_crash
360151810855542784	2013_spain_train_crash
360153689891160064	2013_spain_train_crash
360154168050188288	2013_spain_train_crash
360154369385181185	2013_spain_train_crash
360154679755284483	2013_spain_train_crash
360154742661451777	2013_spain_train_crash
360155103375785984	2013_spain_train_crash
360156332323651584	2013_spain_train_crash
360156999209590784	2013_spain_train_crash
360158282649845762	2013_spain_train_crash
360159868109328386	2013_spain_train_crash
360160451105005568	2013_spain_train_crash
360160459502411776	2013_spain_train_crash
360162208518385666	2013_spain_train_crash
360162888008204289	2013_spain_train_crash
360162997047525376	2013_spain_train_crash
360165991785168896	2013_spain_train_crash
360166054711930880	2013_spain_train_crash
360166193115570176	2013_spain_train_crash
360166230872686592	2013_spain_train_crash
360167740822142976	2013_spain_train_crash
360168135090900992	2013_spain_train_crash
360168613233168390	2013_spain_train_crash
360170165108871169	2013_spain_train_crash
360170576159055872	2013_spain_train_crash
360171222094450692	2013_spain_train_crash
360171314369142786	2013_spain_train_crash
360171842834661377	2013_spain_train_crash
360172010611027968	2013_spain_train_crash
360172136444329985	2013_spain_train_crash
360172178404151297	2013_spain_train_crash
360172430054010881	2013_spain_train_crash
360172530704719872	2013_spain_train_crash
360172639777587200	2013_spain_train_crash
360172836905697280	2013_spain_train_crash
360173000466759680	2013_spain_train_crash
360173134684504064	2013_spain_train_crash
360173294080630784	2013_spain_train_crash
360173608636653568	2013_spain_train_crash
360173654807556097	2013_spain_train_crash
360173671559593984	2013_spain_train_crash
360173839348547584	2013_spain_train_crash
360173906465800192	2013_spain_train_crash
360173919019343872	2013_spain_train_crash
360174250377752577	2013_spain_train_crash
360175038919475202	2013_spain_train_crash
360175852597678080	2013_spain_train_crash
360176171385757697	2013_spain_train_crash
360176787927474176	2013_spain_train_crash
360177110893084673	2013_spain_train_crash
360178335646629888	2013_spain_train_crash
360178977345769472	2013_spain_train_crash
360179329692467202	2013_spain_train_crash
360180206306594816	2013_spain_train_crash
360180462129389568	2013_spain_train_crash
360180952862961665	2013_spain_train_crash
360182408315809792	2013_spain_train_crash
360185843425611777	2013_spain_train_crash
360186694886096898	2013_spain_train_crash
360189421162725376	2013_spain_train_crash
360189555401441280	2013_spain_train_crash
360200196325519360	2013_spain_train_crash
360200506733363201	2013_spain_train_crash
360203182682537984	2013_spain_train_crash
360203207860944898	2013_spain_train_crash
360203262370136066	2013_spain_train_crash
360204382266077184	2013_spain_train_crash
360209146999603200	2013_spain_train_crash
360259617059643392	2013_spain_train_crash
360272183186034688	2013_spain_train_crash
360296392704532480	2013_spain_train_crash
360303275578368001	2013_spain_train_crash
360306261885059073	2013_spain_train_crash
360307415343833090	2013_spain_train_crash
360314654708338688	2013_spain_train_crash
360314889576775680	2013_spain_train_crash
360317032861925376	2013_spain_train_crash
360325761229533184	2013_spain_train_crash
360333919125639170	2013_spain_train_crash
360348179792789506	2013_spain_train_crash
360356111217459201	2013_spain_train_crash
360356564177129472	2013_spain_train_crash
360357881184391168	2013_spain_train_crash
360363170235301888	2013_spain_train_crash
360365305140219905	2013_spain_train_crash
360379955839909890	2013_spain_train_crash
360381302203105280	2013_spain_train_crash
360381755187933185	2013_spain_train_crash
360381864235642880	2013_spain_train_crash
360381893595774978	2013_spain_train_crash
360382875041927169	2013_spain_train_crash
360383135126523904	2013_spain_train_crash
360383495836667904	2013_spain_train_crash
360385072865607680	2013_spain_train_crash
360385127420936192	2013_spain_train_crash
360387346199347201	2013_spain_train_crash
360389221049044993	2013_spain_train_crash
360391691477319680	2013_spain_train_crash
360393591509618691	2013_spain_train_crash
360398213611659264	2013_spain_train_crash
360399849407004672	2013_spain_train_crash
360418178502889472	2013_spain_train_crash
360420560867569666	2013_spain_train_crash
360425359151333379	2013_spain_train_crash
360432384627322882	2013_spain_train_crash
360433768726671361	2013_spain_train_crash
360434985112580097	2013_spain_train_crash
360445999350693888	2013_spain_train_crash
360449505763667968	2013_spain_train_crash
360460985573707776	2013_spain_train_crash
360462977859715074	2013_spain_train_crash
360466270396743681	2013_spain_train_crash
360473522377723905	2013_spain_train_crash
360473677558583296	2013_spain_train_crash
360494951043309569	2013_spain_train_crash
360498985967960064	2013_spain_train_crash
360510562272165889	2013_spain_train_crash
360513183678595072	2013_spain_train_crash
360584981799641090	2013_spain_train_crash
360588412727726080	2013_spain_train_crash
360590719611715585	2013_spain_train_crash
360598671986929664	2013_spain_train_crash
360671053086867456	2013_spain_train_crash
360680515474440195	2013_spain_train_crash
360682054767222784	2013_spain_train_crash
360767463392161794	2013_spain_train_crash
360795502285045760	2013_spain_train_crash
360824145203838976	2013_spain_train_crash
360850565120540672	2013_spain_train_crash
360868722279333888	2013_spain_train_crash
360914314351218692	2013_spain_train_crash
360940209967349760	2013_spain_train_crash
361028294570815488	2013_spain_train_crash
361040541942693888	2013_spain_train_crash
361066261410623488	2013_spain_train_crash
361073345594269696	2013_spain_train_crash
361087589438062592	2013_spain_train_crash
361117100577783809	2013_spain_train_crash
361154371150548992	2013_spain_train_crash
361244942934360064	2013_spain_train_crash
361271572566261763	2013_spain_train_crash
361331794391465985	2013_spain_train_crash
361503790228193280	2013_spain_train_crash
361652482482515970	2013_spain_train_crash
361689203609829378	2013_spain_train_crash
361715938107723776	2013_spain_train_crash
361980502221131778	2013_spain_train_crash
361980535775571968	2013_spain_train_crash
362233049657769987	2013_spain_train_crash
362242063238037504	2013_spain_train_crash
362328247771467777	2013_spain_train_crash
362341459854245889	2013_spain_train_crash
362387001586094080	2013_spain_train_crash
362397105668624384	2013_spain_train_crash
362593252311973890	2013_spain_train_crash
363459640299757571	2013_spain_train_crash
363460739207405569	2013_spain_train_crash
365209008996499456	2013_spain_train_crash
398396296827899904	2013_typhoon_yolanda
398683464016625664	2013_typhoon_yolanda
398734043149111296	2013_typhoon_yolanda
398734768767913985	2013_typhoon_yolanda
398745074151866368	2013_typhoon_yolanda
398775017300697089	2013_typhoon_yolanda
398779161256267776	2013_typhoon_yolanda
398928604320776192	2013_typhoon_yolanda
398929715798765568	2013_typhoon_yolanda
398998099734978560	2013_typhoon_yolanda
399002008830500865	2013_typhoon_yolanda
399082262643216384	2013_typhoon_yolanda
399158737392263168	2013_typhoon_yolanda
399179641815982080	2013_typhoon_yolanda
399200248418947072	2013_typhoon_yolanda
399222738260226048	2013_typhoon_yolanda
399258603762491392	2013_typhoon_yolanda
399263586591047681	2013_typhoon_yolanda
399365906645540864	2013_typhoon_yolanda
399400086041415681	2013_typhoon_yolanda
399446437273952256	2013_typhoon_yolanda
399609377587732480	2013_typhoon_yolanda
399648359486472192	2013_typhoon_yolanda
399670736090320896	2013_typhoon_yolanda
399869676127145984	2013_typhoon_yolanda
399873929138819072	2013_typhoon_yolanda
399965490795515904	2013_typhoon_yolanda
400059468379340800	2013_typhoon_yolanda
400075297682255872	2013_typhoon_yolanda
400098890642247681	2013_typhoon_yolanda
400117572068065280	2013_typhoon_yolanda
400230650504294400	2013_typhoon_yolanda
400230893773922304	2013_typhoon_yolanda
400230998635343873	2013_typhoon_yolanda
400231183167938561	2013_typhoon_yolanda
400231522923716608	2013_typhoon_yolanda
400234479911837696	2013_typhoon_yolanda
400239366246645760	2013_typhoon_yolanda
400248384033787904	2013_typhoon_yolanda
400252335042998272	2013_typhoon_yolanda
400256185427050496	2013_typhoon_yolanda
400256378377211906	2013_typhoon_yolanda
400259343741767682	2013_typhoon_yolanda
400264553042149376	2013_typhoon_yolanda
400266352424124416	2013_typhoon_yolanda
400270282487005184	2013_typhoon_yolanda
400270714508308480	2013_typhoon_yolanda
400272413201825792	2013_typhoon_yolanda
400289345589899264	2013_typhoon_yolanda
400317665538871296	2013_typhoon_yolanda
400324246380875777	2013_typhoon_yolanda
400324447733022720	2013_typhoon_yolanda
400329048871550976	2013_typhoon_yolanda
400349793886941185	2013_typhoon_yolanda
400359369487179776	2013_typhoon_yolanda
400363043701661696	2013_typhoon_yolanda
400383809700761600	2013_typhoon_yolanda
400385260925775872	2013_typhoon_yolanda
400386640843378688	2013_typhoon_yolanda
400397604778819585	2013_typhoon_yolanda
400409017454821376	2013_typhoon_yolanda
400422854476701697	2013_typhoon_yolanda
400569214714785792	2013_typhoon_yolanda
400601452122365952	2013_typhoon_yolanda
400754426794622976	2013_typhoon_yolanda
400756515549614080	2013_typhoon_yolanda
400789466019037184	2013_typhoon_yolanda
400845610946797569	2013_typhoon_yolanda
400928310051749888	2013_typhoon_yolanda
401011436970729472	2013_typhoon_yolanda
401017409642848256	2013_typhoon_yolanda
401163048477818880	2013_typhoon_yolanda
401245487530926081	2013_typhoon_yolanda
401295349400494080	2013_typhoon_yolanda
401376714707591168	2013_typhoon_yolanda
401450895151759361	2013_typhoon_yolanda
401491579896348672	2013_typhoon_yolanda
401527386669191168	2013_typhoon_yolanda
401761881821437952	2013_typhoon_yolanda
401815652815863808	2013_typhoon_yolanda
401929205220257792	2013_typhoon_yolanda
402795958108299264	2013_typhoon_yolanda
402876656526049280	2013_typhoon_yolanda
402913277023244290	2013_typhoon_yolanda
402954540560822272	2013_typhoon_yolanda
402961830286356480	2013_typhoon_yolanda
403006524756226048	2013_typhoon_yolanda
403007724343939072	2013_typhoon_yolanda
403180043129458689	2013_typhoon_yolanda
403223257060364289	2013_typhoon_yolanda
403263283291230209	2013_typhoon_yolanda
405081530860441600	2013_typhoon_yolanda
405315510101110784	2013_typhoon_yolanda
405400474113024000	2013_typhoon_yolanda
405579625419792384	2013_typhoon_yolanda
406065179021938689	2013_typhoon_yolanda
406229591531859968	2013_typhoon_yolanda
406333153104916480	2013_typhoon_yolanda
406910167687909376	2013_typhoon_yolanda
406993688884019200	2013_typhoon_yolanda
408361724040216576	2013_typhoon_yolanda
408607376028475393	2013_typhoon_yolanda
410584881312182273	2013_typhoon_yolanda
410663969133588480	2013_typhoon_yolanda
410665655214415875	2013_typhoon_yolanda
410759246905876480	2013_typhoon_yolanda
410770030499205120	2013_typhoon_yolanda
410786744775098368	2013_typhoon_yolanda
410802926391947264	2013_typhoon_yolanda
410850435281747969	2013_typhoon_yolanda
410855778816622592	2013_typhoon_yolanda
410860732323213314	2013_typhoon_yolanda
410869871677689856	2013_typhoon_yolanda
410883834524086273	2013_typhoon_yolanda
410886904780181504	2013_typhoon_yolanda
410890734158749696	2013_typhoon_yolanda
411084695544147968	2013_typhoon_yolanda
412322493383577600	2013_typhoon_yolanda
324710772523560961	2013_west_texas_explosion
324711640744460288	2013_west_texas_explosion
324717915423248384	2013_west_texas_explosion
324720461349023745	2013_west_texas_explosion
324728166306435073	2013_west_texas_explosion
324729802080808960	2013_west_texas_explosion
324732046054408192	2013_west_texas_explosion
324733748908261376	2013_west_texas_explosion
324733937685512192	2013_west_texas_explosion
324738656248147968	2013_west_texas_explosion
324738844987621376	2013_west_texas_explosion
324740635980599296	2013_west_texas_explosion
324741252547493890	2013_west_texas_explosion
324743546831790080	2013_west_texas_explosion
324745094508969985	2013_west_texas_explosion
324746117923344387	2013_west_texas_explosion
324746528965160960	2013_west_texas_explosion
324749255279521795	2013_west_texas_explosion
324749934740004864	2013_west_texas_explosion
324750383526330368	2013_west_texas_explosion
324750383534714880	2013_west_texas_explosion
324750899413143554	2013_west_texas_explosion
324751734079643648	2013_west_texas_explosion
324752170299830272	2013_west_texas_explosion
324752233218584576	2013_west_texas_explosion
324756167458951172	2013_west_texas_explosion
324757060849893378	2013_west_texas_explosion
324757144752750592	2013_west_texas_explosion
324759871054553088	2013_west_texas_explosion
324759883620696064	2013_west_texas_explosion
324760437277204481	2013_west_texas_explosion
324783476610068480	2013_west_texas_explosion
324787222106734593	2013_west_texas_explosion
324796709626580992	2013_west_texas_explosion
324825360929808386	2013_west_texas_explosion
324825851634020353	2013_west_texas_explosion
324826367529205761	2013_west_texas_explosion
324827088953683968	2013_west_texas_explosion
324830675087814656	2013_west_texas_explosion
324831056761090049	2013_west_texas_explosion
324839499895029760	2013_west_texas_explosion
324842511426256897	2013_west_texas_explosion
324844197523886080	2013_west_texas_explosion
324849075512037376	2013_west_texas_explosion
324857946460811265	2013_west_texas_explosion
324859217313935360	2013_west_texas_explosion
324861188657790977	2013_west_texas_explosion
324861935248080897	2013_west_texas_explosion
324862191079673856	2013_west_texas_explosion
324862597922947074	2013_west_texas_explosion
324863575225155584	2013_west_texas_explosion
324864019829751809	2013_west_texas_explosion
324864216936886272	2013_west_texas_explosion
324864611205660672	2013_west_texas_explosion
324868587393253376	2013_west_texas_explosion
324871225623072768	2013_west_texas_explosion
324874513957396481	2013_west_texas_explosion
324877651300990976	2013_west_texas_explosion
324878402077220864	2013_west_texas_explosion
324878603399606273	2013_west_texas_explosion
324880054641385472	2013_west_texas_explosion
324884664194039808	2013_west_texas_explosion
324884714525691904	2013_west_texas_explosion
324888749412610049	2013_west_texas_explosion
324889022071717889	2013_west_texas_explosion
324890880131620864	2013_west_texas_explosion
324896982843928579	2013_west_texas_explosion
324904104772132864	2013_west_texas_explosion
324905996419989504	2013_west_texas_explosion
324921544671383552	2013_west_texas_explosion
324932357595484160	2013_west_texas_explosion
324932688937095168	2013_west_texas_explosion
324960807551115264	2013_west_texas_explosion
325013219586494464	2013_west_texas_explosion
325035952735145984	2013_west_texas_explosion
325038259598135298	2013_west_texas_explosion
325075844764688385	2013_west_texas_explosion
325095100780781568	2013_west_texas_explosion
325113933201555456	2013_west_texas_explosion
325367239840759809	2013_west_texas_explosion
325369441821016067	2013_west_texas_explosion
325431995683454976	2013_west_texas_explosion
325837790380179456	2013_west_texas_explosion
326811426750607362	2013_west_texas_explosion
327548730905608192	2013_west_texas_explosion
328520249139924995	2013_west_texas_explosion
328530541949370370	2013_west_texas_explosion
